:020000040800F2
:1000000000500020ADCB0008F5A40008F7A40008BC
:10001000F9A40008FBA40008FDA4000800000000EB
:10002000000000000000000000000000FFA4000825
:1000300001A500080000000003A5000805A50008B0
:10004000F5CB0008F5CB0008F5CB0008F5CB000890
:10005000F5CB0008F5CB0008F5CB0008F5CB000880
:10006000F5CB0008F5CB0008F5CB0008F5CB000870
:10007000F5CB0008F5CB0008F5CB0008F5CB000860
:10008000F5CB0008F5CB0008F5CB0008F5CB000850
:10009000F5CB0008F5CB0008F5CB0008F5CB000840
:1000A000F5CB0008F5CB0008F5CB0008F5CB000830
:1000B000F5CB0008F5CB0008F5CB0008F5CB000820
:1000C000F5CB0008F5CB0008F5CB0008F5CB000810
:1000D000F5CB0008F5CB0008F5CB0008F5CB000800
:1000E000F5CB0008F5CB0008F5CB000800000000B8
:1000F0000000000000000000000000000000000000
:0C01000000000000000000005FF808F1A3
:100110000348044B834202D0034B03B11847704796
:10012000200A0020200A002000000000054806499F
:100130000B1AD90F01EBA301491002D0034B03B1F5
:1001400018477047200A0020200A00200000000005
:1001500010B5064C237843B9FFF7DAFF044B13B10F
:100160000448AFF300800123237010BD200A002053
:10017000000000000CCC000808B5044B1BB104497A
:100180000448AFF30080BDE80840CFE7000000005E
:10019000240A00200CCC0008C0F3C7520028A2F1AA
:1001A0007F0CB4BF4FF0FF310121BCF11E0F08B529
:1001B0000FDCBCF1000F1ADBC0F31603BCF1160F05
:1001C00043F400030ADD963A934003FB01F108462D
:1001D00008BD01F0BFFF0146084608BD4FF480028C
:1001E00042FA0CF2CCF117001344C340EDE7BCF126
:1001F000FF3F18BF0021084608BD00BF2DE9F843A6
:100200001D4606460F46144600F0BAF8574B804686
:1002100093F90030894601332AD022462B462046E6
:10022000294601F05DFC18BB32463B463046394654
:1002300001F056FC002841D1002200233046394607
:1002400001F01CFCC0B1002200232046294601F029
:1002500015FC00283AD12046294600F0C3FE38B1EB
:10026000204629460022002301F012FC002859D123
:1002700040464946BDE8F8834046494600F0B2FE94
:1002800060B3002200234046494601F0F7FB0028F6
:10029000EED03046394600F0A5FE0028E8D02046D2
:1002A000294600F09FFE0028E2D002F023F9222325
:1002B0004FF000084FF000090360D9E720462946B7
:1002C0000022002301F0DAFB0028D1D04FF0000813
:1002D000DFF89C9040464946BDE8F88330463946F1
:1002E00000F080FE0028CCD02046294600F07AFE9F
:1002F0000028C6D042464B464046494601F0F0FB36
:1003000030BB02F0F7F82222034639461A60304625
:100310000022002301F0BCFB4FF0000858B9DFF8C1
:100320005490A5E702F0E6F821234FF00008DFF82B
:10033000489003609CE72046294600F05FFE224675
:100340002B4601F09BFB0028E9D1DFF82C908FE7CA
:1003500002F0D0F800220023212101601046194646
:1003600001F04EFA8046894682E700BF0000002077
:100370000000F03F0000F07F0000F0FF00000000F0
:100380002DE9F04F9946904629F000451E46134648
:1003900055EA080293B035D06B4A21F000449442EC
:1003A00083468A460F46009025DC34D0954222DCF5
:1003B000654A95421DD0002F36DB00220292002BA9
:1003C0004CD1614B9D4200F09780604B9D4200F004
:1003D000A580B6F1804F00F0A3845D4B9E423DD1D5
:1003E000002F3BDB5846514613B0BDE8F04F00F0FC
:1003F0002FBD002BDFD0009B04F1404404F5801496
:1004000023430BD10023514CCDE90034DDE9000139
:1004100013B0BDE8F08F08B9A542C9DD4D4813B04F
:10042000BDE8F04F00F0E4BD4B4A95427EDCA2F1FE
:10043000547295420EDD2A15A2F2FF32142A40F3BF
:100440007984C2F1340223FA02F101FA02F29A42EB
:1004500000F0C58400220292002BB6D058465146C7
:1004600000F0BCFD5B46CDE9000133BB24B1374B46
:1004700027F040429A4220D1002E07DADDE900231E
:100480000020324901F0BCF9CDE90001002FBDDAAE
:10049000029B04F1404404F58014234340F06F8430
:1004A000DDE900231046194600F0C8FE02460B465F
:1004B00001F0A6F9CDE90001A8E7029AFB0F013B84
:1004C0000A93134335D0254B9D424BDD03F1047352
:1004D0009D42234B40F3BC839C4240F34F83002E4C
:1004E00040F34F8316A3D3E900231046194601F0C9
:1004F0005DF8CDE9000189E7009A04F1404303F576
:10050000801313433FF47EAF154B9C4240F363834B
:10051000002EC0F23683CDE9008977E7002EC0F2C5
:10052000F58358465146CDE900016FE70222029259
:1005300045E75A46584653465146B5E7AFF3008063
:100540009C7500883CE4377E0000F07F0000F03F9F
:100550000000E03F98CF0008FFFF3F430000E0416C
:10056000FFFFEF3FD44B3B40002B40F0CD83DDE954
:1005700000010022D14B01F019F86FF034050C4650
:10058000CDE900012315A3F2FF335919CC4BC4F375
:10059000130242F07F549A420B9144F4401407DD59
:1005A000C84B9A4240F3F88301310B91A4F58014B3
:1005B0000022002300200025C349CDE90823CDE90E
:1005C0000601CDE91023DDE90001DDE9062321461E
:1005D000824600F033FEDDE90623A34606460F46B9
:1005E00050462146CDE90CAB00F02AFE02460B46F0
:1005F0000020B54901F004F98C46834663465A460B
:1006000030463946CDE90EBC00F0D0FF82468B461D
:10061000631043F0005303F5002359190D465A4661
:10062000514600230020CDE9001200930446024603
:100630002B46CDE904ABDDE900AB5046594600F04E
:10064000B5FF02460B463046394600F0F7FDDDE9BE
:10065000062306460F462046294600F0EFFD0246D7
:100660000B46DDE90C0100F0E9FD52465B4600F067
:100670009DFF02460B463046394600F0DFFDDDE9BE
:100680000E2300F093FFDDE90445CDE90601224683
:100690002B462046294600F089FF75A3D3E90023A5
:1006A00004460D4600F082FF73A3D3E9002300F057
:1006B000C7FD22462B4600F079FF71A3D3E9002342
:1006C00000F0BEFD22462B4600F070FF6EA3D3E97A
:1006D000002300F0B5FD22462B4600F067FF6CA317
:1006E000D3E9002300F0ACFD22462B4600F05EFF6C
:1006F00069A3D3E9002300F0A3FD224606460F4676
:100700002B462046294600F051FF02460B46304654
:10071000394600F04BFF04460D46DDE90401524620
:100720005B4600F08DFDDDE9062300F03FFF224629
:100730002B4600F085FD524606460F465B46504666
:10074000594600F033FF02460B46CDE90C23002248
:100750005E4B00F075FD32463B4600F071FD002413
:100760000D4622462B465046594600F01FFF0022F8
:1007700082468B4620462946544B00F05FFDDDE95A
:100780000C2300F05BFD02460B463046394600F074
:1007900055FDDDE9042300F009FF224606460F4619
:1007A000DDE906012B4600F001FF02460B4630460C
:1007B000394600F045FD06460F46002432463B46CA
:1007C0005046594600F03CFD35A3D3E900232046AE
:1007D0000D4600F0EBFE52465B4682468B462046B5
:1007E000294600F02BFD02460B463046394600F004
:1007F00025FD2DA3D3E9002300F0D8FE02460B46C9
:100800002046294614461D4629A3D3E9002300F0BB
:10081000CDFE02460B462046294600F011FDDDE9DB
:10082000102300F00DFD06460B980F4600F054FE15
:1008300004460D4632463B465046594600F000FD00
:10084000DDE9082300F0FCFC22462B4600F0F8FC12
:10085000224600242B4620460D4600F0EFFCDDE941
:10086000082300F0EBFC52465B4631E0AFF300801A
:10087000EF4E454A287ECA3F65DBC9934A86CD3F85
:1008800001411DA96074D13F4D268F515555D53F6B
:10089000FFAB6FDBB66DDB3F033333333333E33F03
:1008A000000000E009C7EE3FFD033ADC09C7EE3F58
:1008B000F5015B14E02F3EBE0000F07F00004043D6
:1008C0008E98030079B60B000000F03F000008404E
:1008D00000F0B4FC02460B463046394600F0AEFC50
:1008E000029B0A9A013B13434FF000020CBFD24B0C
:1008F000D24BCDE90089CDE9022300230093DDE945
:1009000000ABCDE904015246404649465B4600F043
:1009100095FC22462B4600F049FE424606460F460D
:10092000DDE904014B4600F041FE02460B4630462D
:10093000394600F085FC524606460F465B46204687
:10094000294600F033FE04460D4630462B46394614
:10095000224600F075FCBA4B8046994289468A4689
:1009600040F3148101F13F4303F5E003034340F0FA
:10097000F6819DA3D3E900233046394600F060FCA0
:1009800002460B46404649469046994622462B462B
:1009900000F054FC02460B464046494601F096F8EA
:1009A000002840F0DC81CAF30A534FF48012002083
:1009B000A3F2FE3342FA03F35344A249C3F30A52AB
:1009C000A2F2FF3241FA02FCC3F3130B23EA0C013B
:1009D000C2F114024BF4801BBAF1000F0B464BFA24
:1009E00002FB294602462046B8BFCBF1000B00F0BF
:1009F00025FC04460D463046394622462B4600F07B
:100A00001FFC89464FEA0B5A4FF0000878A3D3E940
:100A100000234046494600F0C9FD22462B460446C5
:100A20000D464046494600F009FC02460B4630465A
:100A3000394600F003FC70A3D3E9002300F0B6FDB3
:100A40006FA3D3E9002306460F464046494600F00F
:100A5000ADFD02460B463046394600F0F1FB8046BC
:100A6000894642464B462046294600F0E9FB22468D
:100A70002B4606460F4600F0E1FB02460B46404679
:100A8000494600F0DBFB3246804689463B4630460D
:100A9000394600F08BFD5CA3D3E9002304460D46E4
:100AA00000F084FD5AA3D3E9002300F0C7FB2246DF
:100AB0002B4600F07BFD58A3D3E9002300F0C0FBD8
:100AC00022462B4600F072FD55A3D3E9002300F027
:100AD000B5FB22462B4600F069FD53A3D3E9002362
:100AE00000F0AEFB22462B4600F060FD02460B46AE
:100AF0003046394600F0A2FB04460D4622462B46FE
:100B00003046394600F052FD02460B462046294643
:100B100014461D4600224FF0804300F08FFB024632
:100B20000B462046294600F06BFE424604460D4621
:100B30004B463046394600F039FD42464B4600F000
:100B40007FFB02460B462046294600F077FB3246E3
:100B50003B4600F073FB02460B460020374900F08D
:100B60006DFB8A44BAF5801FC0F235815146DDE93C
:100B7000022300F01BFDCDE9000147E4002EFFF643
:100B8000B1AC00230024CDE900343FE4DFF8B8C065
:100B900021F00043634540F3DA802C4B0B440343C0
:100BA0000AD122462B4600F049FB32463B4600F074
:100BB00083FF00283FF4F7AE1DA3D3E90023DDE94E
:100BC000020100F0F3FC1AA3D3E9002300F0EEFCCD
:100BD000CDE900011AE4002ED3DA09F10043CDF883
:100BE0000080019312E400BFFE822B654715973CFD
:100BF00000000000432EE63FEF39FAFE422EE63FAA
:100C0000396CA80C615C20BED0A4BE726937663E08
:100C1000F16BD2C541BDBB3E2CDE25AF6A56113FFC
:100C200093BDBE166CC1663F3E5555555555C53FE3
:100C300059F3F8C21F6EA5010000F0BF0000F03F9D
:100C4000FFFF8F40FFFF0F00FFCB904000346F3F4E
:100C50009C4293DB7A4B9C423FF741ACDDE90001BB
:100C60000022774B00F0EAFA67A3D3E90023044699
:100C70000D4600F09BFC66A3D3E9002382468B4619
:100C80002046294600F092FC0022CDE900016D4B80
:100C90002046294600F08AFC02460B465EA1D1E9B7
:100CA000000100F0CBFA22462B4600F07FFC024602
:100CB0000B460020644900F0C1FA224606460F4662
:100CC0002B462046294600F071FC02460B46304672
:100CD000394600F06BFC52A3D3E9002300F066FC18
:100CE00002460B46DDE9000100F0A8FA06460F4671
:100CF00032463B465046594600F0A2FA002452467E
:100D00005B460D462046E3E500253BE45A460020BD
:100D100053464B4900F074FDCDE90001FFF776BB67
:100D20005A4658465346514600F040FCCDE9000172
:100D3000FFF76CBB002B40D1C2F1140245FA02F15F
:100D400001FA02F2AA4254D00293FFF73EBB3E4A98
:100D5000934255DCDDE900239246934654E632A3E4
:100D6000D3E90023DDE9020100F020FC2EA3D3E942
:100D7000002300F01BFCCDE90001FFF747BB029BFD
:100D8000012B7FF443ABDDE90045224605F100432A
:100D9000CDE90023FFF73ABB00222C4B4FF480250E
:100DA000CDE9062322A3D3E90023CDE9082322A31A
:100DB000D3E90023CDE9102305E45846514600F05D
:100DC0000DF95B46CDE90001002B7FF4B2ABCDF805
:100DD00008B0FFF74BBB5A4600F0AEF9C7E601F08A
:100DE0000101C1F102020292002B3FF4EEAAFFF7CB
:100DF00035BB01F00101C1F102030293FFF7E5BA2F
:100E00001B15D2E5AFF30080000000604715F73FE7
:100E100044DF5DF80BAE543E555555555555D53FFD
:100E2000FE822B654715F73F9C7500883CE4377EB2
:100E30000000004003B8E23F06D0CF43EBFD4C3E3C
:100E40000000F03F0000D03F0000E03F0000F83F0E
:100E50002DE9F843604E054636EA01020C4600F0E3
:100E60009E8000290B46844654DD091562D0C3F3E9
:100E70001303C807A1F2FF3743F4801304D45B00C7
:100E800003EBDC734FEA4C0C00264FEADC7202EBFA
:100E900043034FF0160E4FF4001234467F104FEA12
:100EA0004C0CA118994202DC5B1A8C1816445B00AA
:100EB000BEF1010E03EBDC734FEA52024FEA4C0C19
:100EC000EFD1754620204FF000420AE043D04FEAB0
:100ED000DC71013801EB43034FEA4C0C4FEA52023C
:100EE00042D0A34202EB0E01F0DD002901EB020E1D
:100EF0000ADBA0461B1B614588BF03F1FF33444654
:100F0000ACEB010C1544E2E7BEF1000FF1DB04F19C
:100F10000108EFE721F00042024336D000294CD10E
:100F20004FEADC22134615394FEA4C5C002AF7D011
:100F3000D6024CD400205B00DD02044600F1010023
:100F4000F9D51A4663460CFA00FCC0F12000C340F4
:100F5000091B13438BE76145B9D8002901EB020E49
:100F6000D2DB98460023CAE753EA0C0311D1680884
:100F7000731003F17F5303F50013F20748BF40F0ED
:100F8000004003EB075905464C4628462146BDE87C
:100F9000F883691C16BF681C01364008E8E7024662
:100FA0000B4600F003FB2A46234600F049F90546AC
:100FB0000C4628462146BDE8F883024600F03EF97B
:100FC00002460B4600F01CFC05460C46DDE7634676
:100FD00020204FF0FF34BAE70000F07F21F00041FD
:100FE000704700BF41F0004000F58010C00F70470F
:100FF00000200149704700BF0000F87FF0B5C1F341
:101000000A55A5F2FF3CBCF1130F02460B460C46F5
:10101000864683B04FEAD17665DCBCF1000F30DB49
:10102000424941FA0CF103EA0100104361D003EA9E
:10103000510352EA030E4FEA51010DD024EA010197
:101040004FF48024BCF1130F0CBF4FF0004E4FF053
:10105000000E44FA0CF40C433549234601EBC60656
:10106000D6E9006772463046394600F0E9F8CDE926
:101070000001DDE9000132463B4600F0DFF803B035
:10108000F0BD21F0004101431946F8D0C3F313032A
:1010900043EA000ECEF1000343EA0E03620C1B0B81
:1010A00003F40023520443EA02010B46204902469E
:1010B00001EBC606D6E900673046394600F0C0F8B5
:1010C000CDE90001DDE9000132463B4600F0B6F80B
:1010D000024604F0004421F0004141EA04031046B6
:1010E000194603B0F0BDBCF1330F06DDBCF5806FCF
:1010F00018D01046194603B0F0BD4FF0FF31A5F2ED
:101100001345E9400842F4D010EA51024FEA510376
:10111000A2D04FF0804E20EA03034EFA05F543EAD1
:10112000050E99E700F08CF8A9E700BFFFFF0F005C
:1011300038CC000800000000C1F30A5370B58C469B
:1011400004460D4616467BBB034621F0004C5CEA84
:10115000030328D0324B002200F028FA314B04461A
:101160009E420D461ADB8C46C1F30A53363B40F2D1
:10117000FE723344934220DC002B3EDC13F1350F2A
:101180002CDA4CF250339E4217DC05F0004343F05A
:10119000D27141F4B731244841F01F011CA3D3E9B7
:1011A000002300F003FA70BD40F2FF7E7345DED1EC
:1011B00002460B4600F044F870BD05F0004343F0D2
:1011C000FC4141F45F1141F4105113A3D3E9002312
:1011D000164841F03C0100F0E9F970BD2CF0FF4CDD
:1011E00003F136012CF4E00C4CEA015500222046B4
:1011F00029460F4B00F0DAF970BD2CF0FF4C2CF4AF
:10120000E00C20464CEA035170BD00BFAFF30080F4
:1012100059F3F8C21F6EA5019C7500883CE4377E27
:1012200000005043B03CFFFF59F3F8C29C750088A2
:101230000000903C81F0004102E000BF83F00043D9
:1012400030B54FEA41044FEA430594EA050F08BF61
:1012500090EA020F1FBF54EA000C55EA020C7FEA25
:10126000645C7FEA655C00F0E2804FEA5454D4EBA2
:101270005555B8BF6D420CDD2C4480EA020281EA6C
:10128000030382EA000083EA010180EA020281EAA4
:101290000303362D88BF30BD11F0004F4FEA0131F6
:1012A0004FF4801C4CEA113102D0404261EB410105
:1012B00013F0004F4FEA03334CEA133302D052428B
:1012C00063EB430394EA050F00F0A780A4F1010447
:1012D000D5F1200E0DDB02FA0EFC22FA05F2801881
:1012E00041F1000103FA0EF2801843FA05F3594167
:1012F0000EE0A5F120050EF1200E012A03FA0EFCE6
:1013000028BF4CF0020C43FA05F3C01851EBE3710F
:1013100001F0004507D54FF0000EDCF1000C7EEB2C
:1013200000006EEB0101B1F5801F1BD3B1F5001F6A
:101330000CD349085FEA30004FEA3C0C04F1010489
:101340004FEA445212F5800F80F09A80BCF1004FB2
:1013500008BF5FEA500C50F1000041EB045141EA34
:10136000050130BD5FEA4C0C404141EB0101013CFD
:1013700028BFB1F5801FE9D291F0000F04BF0146EC
:101380000020B1FA81F308BF2033A3F10B03B3F1BE
:1013900020020CDA0C3208DD02F1140CC2F10C024E
:1013A00001FA0CF021FA02F10CE002F11402D8BFAC
:1013B000C2F1200C01FA02F120FA0CFCDCBF41EA78
:1013C0000C019040E41AA2BF01EB0451294330BD47
:1013D0006FEA04041F3C1CDA0C340EDC04F1140424
:1013E000C4F1200220FA04F001FA02F340EA0300FB
:1013F00021FA04F345EA030130BDC4F10C04C4F141
:10140000200220FA02F001FA04F340EA0300294620
:1014100030BD21FA04F0294630BD94F0000F83F46A
:10142000801306BF81F480110134013D4EE77FEA4D
:10143000645C18BF7FEA655C29D094EA050F08BF99
:1014400090EA020F05D054EA000C04BF194610467A
:1014500030BD91EA030F1EBF0021002030BD5FEABE
:10146000545C05D14000494128BF41F0004130BDE6
:1014700014F580043CBF01F5801130BD01F000453A
:1014800045F0FE4141F470014FF0000030BD7FEAAD
:10149000645C1ABF194610467FEA655C1CBF0B46A8
:1014A000024650EA013406BF52EA033591EA030FBF
:1014B00041F4002130BD00BF90F0000F04BF0021B7
:1014C000704730B54FF4806404F132044FF00005EA
:1014D0004FF0000150E700BF90F0000F04BF002163
:1014E000704730B54FF4806404F1320410F00045C9
:1014F00048BF40424FF000013EE700BF42004FEAC4
:10150000E2014FEA31014FEA02701FBF12F07F4340
:1015100093F07F4F81F06051704732F07F4208BFF7
:10152000704793F07F4F04BF41F40021704730B5FE
:101530004FF4607401F0004521F000411CE700BF4A
:1015400050EA010208BF704730B54FF000050AE0CD
:1015500050EA010208BF704730B511F0004502D5CE
:10156000404261EB41014FF4806404F132045FEAD0
:10157000915C3FF4D8AE4FF003025FEADC0C18BF79
:1015800003325FEADC0C18BF033202EBDC02C2F16B
:10159000200300FA03FC20FA02F001FA03FE40EAFD
:1015A0000E0021FA02F11444BDE600BF70B54FF001
:1015B000FF0C4CF4E06C1CEA11541DBF1CEA1355DF
:1015C00094EA0C0F95EA0C0F00F0DEF82C4481EA47
:1015D000030621EA4C5123EA4C5350EA013518BF67
:1015E00052EA033541F4801143F4801338D0A0FB54
:1015F00002CE4FF00005E1FB02E506F00042E0FB01
:1016000003E54FF00006E1FB03569CF0000F18BF06
:101610004EF0010EA4F1FF04B6F5007F64F54074AE
:1016200004D25FEA4E0E6D4146EB060642EAC62141
:1016300041EA55514FEAC52040EA5E504FEACE2EAE
:10164000B4F1FD0C88BFBCF5E06F1ED8BEF1004FB1
:1016500008BF5FEA500E50F1000041EB045170BD2D
:1016600006F0004646EA010140EA020081EA030171
:10167000B4EB5C04C2BFD4EB0C0541EA045170BD6D
:1016800041F480114FF0000E013C00F3AB8014F1E7
:10169000360FDEBF002001F0004170BDC4F1000430
:1016A000203C35DA0C341BDC04F11404C4F12005B1
:1016B00000FA05F320FA04F001FA05F240EA02000C
:1016C00001F0004221F0004110EBD37021FA04F642
:1016D00042EB06015EEA430E08BF20EAD37070BDFC
:1016E000C4F10C04C4F1200500FA04F320FA05F05B
:1016F00001FA04F240EA020001F0004110EBD3705D
:1017000041F100015EEA430E08BF20EAD37070BDCC
:10171000C4F1200500FA05F24EEA020E20FA04F3A5
:1017200001FA05F243EA020321FA04F001F0004154
:1017300021FA04F220EA020000EBD3705EEA430EC5
:1017400008BF20EAD37070BD94F0000F0FD101F0F4
:101750000046400041EB010111F4801F08BF013C2D
:10176000F7D041EA060195F0000F18BF704703F06B
:101770000046520043EB030313F4801F08BF013DF2
:10178000F7D043EA0603704794EA0C0F0CEA1355AE
:1017900018BF95EA0C0F0CD050EA410618BF52EA68
:1017A0004306D1D181EA030101F000414FF000006E
:1017B00070BD50EA410606BF1046194652EA43067C
:1017C00019D094EA0C0F02D150EA013613D195EAF0
:1017D0000C0F05D152EA03361CBF104619460AD138
:1017E00081EA030101F0004141F0FE4141F4700142
:1017F0004FF0000070BD41F0FE4141F4780170BD32
:1018000070B54FF0FF0C4CF4E06C1CEA11541DBF96
:101810001CEA135594EA0C0F95EA0C0F00F0A7F898
:10182000A4EB050481EA030E52EA03354FEA0131C5
:1018300000F088804FEA03334FF0805545EA1313D8
:1018400043EA12634FEA022245EA111545EA1065A0
:101850004FEA00260EF000419D4208BF964244F137
:10186000FD0404F5407402D25B084FEA3202B61A56
:1018700065EB03055B084FEA32024FF480104FF42A
:10188000002CB6EB020E75EB030E22BFB61A75469E
:1018900040EA0C005B084FEA3202B6EB020E75EB31
:1018A000030E22BFB61A754640EA5C005B084FEA99
:1018B0003202B6EB020E75EB030E22BFB61A754666
:1018C00040EA9C005B084FEA3202B6EB020E75EB71
:1018D000030E22BFB61A754640EADC0055EA060E32
:1018E00018D04FEA051545EA16754FEA06164FEA75
:1018F000C30343EA52734FEAC2025FEA1C1CC0D121
:1019000011F4801F0BD141EA00014FF000004FF0AD
:10191000004CB6E711F4801F04BF01430020B4F16E
:10192000FD0C88BFBCF5E06F3FF6AFAEB5EB030C26
:1019300004BFB6EB020C5FEA500C50F1000041EB23
:10194000045170BD0EF0004E4EEA113114EB5C04F0
:10195000C2BFD4EB0C0541EA045170BD41F48011C3
:101960004FF0000E013C90E645EA060E8DE60CEACB
:10197000135594EA0C0F08BF95EA0C0F3FF43BAFE8
:1019800094EA0C0F0AD150EA01347FF434AF95EA9F
:101990000C0F7FF425AF104619462CE795EA0C0F83
:1019A00006D152EA03353FF4FDAE1046194622E750
:1019B00050EA410618BF52EA43067FF4C5AE50EA2A
:1019C00041047FF40DAF52EA43057FF4EBAE12E71A
:1019D0004FF0FF3C06E000BF4FF0010C02E000BFFB
:1019E0004FF0010C4DF804CD4FEA410C7FEA6C5CDE
:1019F0004FEA430C18BF7FEA6C5C1BD001B050EA81
:101A0000410C0CBF52EA430C91EA030F02BF90EA6B
:101A1000020F0020704710F1000F91EA030F58BF2A
:101A2000994208BF90422CBFD8176FEAE37040F08C
:101A3000010070474FEA410C7FEA6C5C02D150EA2A
:101A4000013C07D14FEA430C7FEA6C5CD6D152EAE5
:101A5000033CD3D05DF8040B704700BF84461046AA
:101A600062468C461946634600E000BF01B5FFF7A9
:101A7000B7FF002848BF10F1000F01BD4DF808ED79
:101A8000FFF7F4FF0CBF012000205DF808FB00BF4A
:101A90004DF808EDFFF7EAFF34BF012000205DF8A4
:101AA00008FB00BF4DF808EDFFF7E0FF94BF0120F1
:101AB00000205DF808FB00BF4DF808EDFFF7CEFFF2
:101AC00094BF012000205DF808FB00BF4DF808ED31
:101AD000FFF7C4FF34BF012000205DF808FB00BF02
:101AE0004FEA410C7FEA6C5C02D150EA013C0AD11A
:101AF0004FEA430C7FEA6C5C02D152EA033C02D10C
:101B00004FF0000070474FF0010070474FEA41026C
:101B1000B2F1E04324BFB3F5001CDCF1FE5C0DD94B
:101B200001F0004C4FEAC0024CEA5070B2F1004F95
:101B300040EB830008BF20F00100704711F0804F98
:101B400021D113F13872BCBF01F00040704741F45D
:101B500080114FEA5252C2F11802C2F1200C10FA61
:101B60000CF320FA02F018BF40F001004FEAC12345
:101B70004FEAD32303FA0CFC40EA0C0023FA02F3E9
:101B80004FEA4303CCE77FEA625307D150EA0133BF
:101B90001EBF4FF0FE4040F44000704701F000408F
:101BA00040F0FE4040F40000704700BF80F000406D
:101BB00002E000BF81F0004142001FBF5FEA410325
:101BC00092EA030F7FEA226C7FEA236C6AD04FEA25
:101BD0001262D2EB1363C1BFD2184140484041406A
:101BE000B8BF5B42192B88BF704710F0004F40F41C
:101BF000000020F07F4018BF404211F0004F41F438
:101C0000000121F07F4118BF494292EA030F3FD003
:101C1000A2F1010241FA03FC10EB0C00C3F1200316
:101C200001FA03F100F0004302D5494260EB4000A5
:101C3000B0F5000F13D3B0F1807F06D340084FEA10
:101C4000310102F10102FE2A51D2B1F1004F40EB05
:101C5000C25008BF20F0010040EA0300704749006D
:101C600040EB0000013A28BFB0F5000FEDD2B0FA0A
:101C700080FCACF1080CB2EB0C0200FA0CF0AABF2D
:101C800000EBC25052421843BCBFD04018437047CB
:101C900092F0000F81F4000106BF80F400000132D1
:101CA000013BB5E74FEA41037FEA226C18BF7FEAA8
:101CB000236C21D092EA030F04D092F0000F08BFEA
:101CC0000846704790EA010F1CBF0020704712F0D1
:101CD0007F4F04D1400028BF40F00040704712F110
:101CE00000723CBF00F50000704700F0004343F075
:101CF000FE4040F4000070477FEA226216BF0846AB
:101D00007FEA23630146420206BF5FEA412390EA6D
:101D1000010F40F4800070474FF0000304E000BF63
:101D200010F0004348BF40425FEA000C08BF704714
:101D300043F0964301464FF000001CE050EA0102D8
:101D400008BF70474FF000030AE000BF50EA0102ED
:101D500008BF704711F0004302D5404261EB4101DA
:101D60005FEA010C02BF84460146002043F0B643FF
:101D700008BFA3F18053A3F50003BCFA8CF2083A24
:101D8000A3EBC25310DB01FA02FC634400FA02FC2D
:101D9000C2F12002BCF1004F20FA02F243EB020034
:101DA00008BF20F00100704702F1200201FA02FC96
:101DB000C2F1200250EA4C0021FA02F243EB020089
:101DC00008BF20EADC7070474FF0FF0C1CEAD052CD
:101DD0001EBF1CEAD15392EA0C0F93EA0C0F6FD08E
:101DE0001A4480EA010C400218BF5FEA41211ED06C
:101DF0004FF0006343EA501043EA5111A0FB013158
:101E00000CF00040B1F5000F3EBF490041EAD3712C
:101E10005B0040EA010062F17F02FD2A1DD8B3F1A8
:101E2000004F40EBC25008BF20F00100704790F017
:101E3000000F0CF0004C08BF49024CEA502040EA69
:101E400051207F3AC2BFD2F1FF0340EAC25070472F
:101E500040F400004FF00003013A5DDC12F1190F6D
:101E6000DCBF00F000407047C2F10002410021FADF
:101E700002F1C2F1200200FA02FC5FEA310040F1F7
:101E8000000053EA4C0308BF20EADC70704792F070
:101E9000000F00F0004C02BF400010F4000F013AA8
:101EA000F9D040EA0C0093F0000F01F0004C02BFA3
:101EB000490011F4000F013BF9D041EA0C018FE712
:101EC0000CEAD15392EA0C0F18BF93EA0C0F0AD018
:101ED00030F0004C18BF31F0004CD8D180EA01003E
:101EE00000F00040704790F0000F17BF90F0004FD7
:101EF000084691F0000F91F0004F14D092EA0C0FB9
:101F000001D142020FD193EA0C0F03D14B0218BF4B
:101F1000084608D180EA010000F0004040F0FE4091
:101F200040F40000704740F0FE4040F4400070472D
:101F30004FF0FF0C1CEAD0521EBF1CEAD15392EAAC
:101F40000C0F93EA0C0F69D0A2EB030280EA010C9C
:101F500049024FEA402037D04FF0805343EA111135
:101F600043EA10130CF000408B4238BF5B0042F193
:101F70007D024FF4000C8B4224BF5B1A40EA0C0038
:101F8000B3EB510F24BFA3EB510340EA5C00B3EB6A
:101F9000910F24BFA3EB910340EA9C00B3EBD10F58
:101FA00024BFA3EBD10340EADC001B0118BF5FEAAA
:101FB0001C1CE0D1FD2A3FF650AF8B4240EBC250D3
:101FC00008BF20F0010070470CF0004C4CEA502094
:101FD0007F32C2BFD2F1FF0340EAC250704740F4E3
:101FE00000004FF00003013A37E792F0000F00F0D5
:101FF000004C02BF400010F4000F013AF9D040EA53
:102000000C0093F0000F01F0004C02BF490011F4E6
:10201000000F013BF9D041EA0C0195E70CEAD153DE
:1020200092EA0C0F08D142027FF47DAF93EA0C0FC5
:102030007FF470AF084676E793EA0C0F04D14B02A9
:102040003FF44CAF08466EE730F0004C18BF31F05B
:10205000004CCAD130F000427FF45CAF31F0004355
:102060007FF43CAF5FE700BF4FF0FF3C06E000BFEE
:102070004FF0010C02E000BF4FF0010C4DF804CD11
:102080004FEA40024FEA41037FEA226C18BF7FEA21
:10209000236C11D001B052EA530C18BF90EA010F23
:1020A00058BFB2EB030088BFC81738BF6FEAE170B2
:1020B00018BF40F0010070477FEA226C02D15FEA4E
:1020C000402C05D17FEA236CE4D15FEA412CE1D0BA
:1020D0005DF8040B704700BF844608466146FFE781
:1020E0000FB5FFF7C9FF002848BF10F1000F0FBD63
:1020F0004DF808EDFFF7F4FF0CBF012000205DF85C
:1021000008FB00BF4DF808EDFFF7EAFF34BF0120E0
:1021100000205DF808FB00BF4DF808EDFFF7E0FF79
:1021200094BF012000205DF808FB00BF4DF808EDCA
:10213000FFF7D2FF94BF012000205DF808FB00BF2D
:102140004DF808EDFFF7C8FF34BF012000205DF80F
:1021500008FB00BF4FEA4002B2F1FE4F0FD34FF031
:102160009E03B3EB12620DD94FEA002343F0004304
:1021700010F0004F23FA02F018BF404270474FF0B2
:102180000000704712F1610F01D1420205D110F039
:10219000004008BF6FF0004070474FF000007047EC
:1021A00042000ED2B2F1FE4F0BD34FF09E03B3EBC1
:1021B000126209D44FEA002343F0004323FA02F0ED
:1021C00070474FF00000704712F1610F01D14202D9
:1021D00002D14FF0FF3070474FF00000704700BF52
:1021E00053B94AB9002908BF00281CBF4FF0FF317E
:1021F0004FF0FF3000F076B9ADF1080C6DE904CE78
:1022000000F006F8DDF804E0DDE9022304B07047D1
:102210002DE9F047089E0D4604468846002B4DD117
:102220008A42944668D9B2FA82F252B101FA02F3B4
:10223000C2F1200120FA01F10CFA02FC41EA030884
:1022400094404FEA1C41B8FBF1F71FFA8CFE01FBEA
:10225000178807FB0EF0230C43EA084398420AD97B
:102260001CEB030307F1FF3580F01E81984240F21A
:102270001B81023F63441B1AB3FBF1F001FB1033D7
:1022800000FB0EFEA4B244EA0344A6450AD91CEBA7
:10229000040400F1FF3380F00981A64540F2068175
:1022A000644402380021A4EB0E0440EA07401EB14A
:1022B0000023D440C6E90043BDE8F0878B4208D92B
:1022C000002E00F0EE800021C6E900050846BDE8BA
:1022D000F087B3FA83F100294AD1AB4202D382429C
:1022E00000F2FC80841A65EB030301209846002E5F
:1022F000E2D0C6E90048DFE702B9FFDEB2FA82F2B7
:10230000002A40F09180A1EB0C0001214FEA1C470C
:102310001FFA8CFEB0FBF7F307FB1300250C45EA10
:1023200000450EFB03F0A84208D91CEB050503F19C
:10233000FF3802D2A84200F2CE8043462D1AB5FBE8
:10234000F7F007FB10550EFB00FEA4B244EA05446B
:10235000A64508D91CEB040400F1FF3502D2A645BE
:1023600000F2B6802846A4EB0E0440EA03409EE744
:10237000C1F120078B4022FA07FC4CEA030C25FA36
:1023800007FA4FEA1C49BAFBF9F820FA07F309FBF0
:1023900018AA8D401FFA8CFE1D4300FA01F308FBBA
:1023A0000EF02C0C44EA0A44A04202FA01F20BD9C6
:1023B0001CEB040408F1FF3A80F08880A04240F250
:1023C0008580A8F102086444241AB4FBF9F009FBE3
:1023D000104400FB0EFEADB245EA0444A64508D900
:1023E0001CEB040400F1FF356CD2A6456AD9023813
:1023F000644440EA0840A0FB0295A4EB0E04AC4202
:10240000C846AE4656D353D0002E69D0B3EB08026F
:1024100064EB0E0422FA01F304FA07F71F43CC40E1
:10242000C6E90074002147E70CFA02FCC2F1200162
:1024300025FA01F34FEA1C4720FA01F195400D43BC
:10244000B3FBF7F107FB11331FFA8CFE280C40EAAF
:10245000034001FB0EF3834204FA02F408D91CEB9B
:10246000000001F1FF382FD283422DD90239604498
:10247000C01AB0FBF7F307FB1300ADB245EA004505
:1024800003FB0EF0A84208D91CEB050503F1FF3849
:1024900016D2A84214D9023B6544281A43EA0141E6
:1024A00038E73146304607E72F46E4E61846F9E6B6
:1024B0004B45A9D2B9EB020865EB0C0E0138A3E736
:1024C0004346EAE7284694E74146D1E7D0467BE712
:1024D0006444023847E7023B65442FE7084606E7B5
:1024E0003146E9E6704700BF002301461A46184608
:1024F00001F0D2BC014B1868704700BF08000020F3
:1025000038B5084B084D5B1B9C1007D0043B1D449D
:10251000013C55F804399847002CF9D1BDE8384002
:102520000AF07ABB70D200086CD2000870B50D4E6C
:102530000D4D761BB61006D0002455F8043B01342F
:102540009847A642F9D1094E094D0AF05FFB761B68
:10255000B61006D0002455F8043B01349847A64233
:10256000F9D170BD64D2000864D200086CD20008B2
:1025700064D20008844641EA000313F0030349D102
:10258000403A23D30B6803604B6843608B688360D9
:10259000CB68C3600B6903614B6943618B698361DD
:1025A000CB69C3610B6A03624B6A43628B6A8362C5
:1025B000CB6AC3620B6B03634B6B43638B6B8363AD
:1025C000CB6BC36340304031403ADBD230320BD367
:1025D0000B6803604B6843608B688360CB68C360A3
:1025E00010301031103AF3D20C3205D351F8043BBD
:1025F00040F8043B043AF9D2043208D0D2071CBF99
:1026000011F8013B00F8013B01D30B8803806046C1
:10261000704700BF082A13D38B07B1D010F0030313
:10262000AED0C3F10403D21ADB071CBF11F8013B83
:1026300000F8013BA4D331F8023B20F8023B9FE7AE
:10264000043AD9D3013A11F8013B00F8013BF9D221
:102650000B7803704B7843708B78837060467047BB
:10266000830730B548D0541E002A3FD00346CAB273
:1026700001E0013C3AD303F8012B9D07F9D1032C6B
:102680002DD9CDB245EA05250F2C45EA054536D9A9
:10269000A4F1100222F00F0C03F1200EE6444FEAE1
:1026A000121C03F1100242E9045542E902551032AE
:1026B0007245F8D10CF1010214F00C0F03EB021279
:1026C00004F00F0C13D0ACF1040323F00303043324
:1026D000134442F8045B9342FBD10CF003042CB189
:1026E000CAB21C4403F8012B9C42FBD130BD6446A6
:1026F0001346002CF4D1F9E703461446BFE71A4607
:10270000A446E0E70022024B1B68C3E92A02704797
:10271000080000200A4B10B40A4A1C680A49D4E990
:102720002A0300FB02F201FB0322A0FB0101431C70
:1027300042EB0100C4E92A3020F0004010BC704791
:10274000080000202DF451582D7F954C08B410B589
:10275000002A04469DB031DB4FF402734FF6FF7C34
:10276000ADF814300291069120AB15D0013A0492D5
:10277000079202A91F9A0193ADF816C000F0D4F891
:10278000421C01DA8B2323600022029B1A701DB0C9
:10279000BDE8104001B070470492079202A91F9A49
:1027A0000193ADF816C000F0BFF8431C01DA8B238B
:1027B00023601DB0BDE8104001B070478B234FF07F
:1027C000FF302360F5E700BF0CB410B51E4B0029A5
:1027D0001C689CB033DB4FF402734FF6FF7CADF8FE
:1027E0001430029006901FAB16D001391E9A049146
:1027F0000791204602A90193ADF816C000F094F8A5
:10280000421C01DA8B2323600022029B1A701CB049
:10281000BDE8104002B070470491079120461E9A0F
:1028200002A90193ADF816C000F07EF8431C01DA4E
:102830008B2323601CB0BDE8104002B070478B238F
:102840004FF0FF302360F5E7080000200CB430B5EE
:102850000C466FF000459DB00A4A20AB059253F834
:10286000042B02A9CDE9013407950495069400F0E4
:102870005BF80022029B1A701DB0BDE8304002B028
:10288000704700BF0802FFFF0EB430B504466FF07A
:1028900000459CB00B4A1FAB0B49059253F8042B23
:1028A000086802A9CDE9013407950495069400F063
:1028B0003BF80022029B1A701CB0BDE8304003B008
:1028C000704700BF0802FFFF0800002020F003014E
:1028D00010F00300C0F1000051F8043B00F1040CBB
:1028E0004FEACC0C6FF000021CBF22FA0CF213432B
:1028F0004FF0010C4CEA0C2C4CEA0C4CA3EB0C02F4
:1029000022EA030212EACC1204BF51F8043B04305D
:10291000F4D0C2F1000102EA0102B2FA82F2C2F17D
:102920001F0200EBD20070472DE9F04FBFB0884680
:102930009146CDE90D0302F0DFFA036818461593BE
:10294000FFF7C4FFB8F80C301490180604D5D8F877
:102950001030002B00F0D08600232EAA1946924694
:10296000CDE922332192129300220023CDE91023D6
:10297000139116910A9199F80030002B00F0808194
:102980004C4604E014F8013F002B00F0C780252BD3
:10299000F8D1B4EB090540F0C5802378002B00F096
:1029A0006F8100234FF0FF3218469B4665780992ED
:1029B00004F101098DF867300B9309F10109A5F1C4
:1029C0002002582A00F2D580DFE812F04C02D30032
:1029D000D3005202D300D300D300D300D300D300DE
:1029E00000024702D3000A020F02D300420259003C
:1029F000590059005900590059005900590059000F
:102A0000D300D300D300D300D300D300D300D3002E
:102A1000D300D30029026401D3006401D300D300A2
:102A2000D300D3005702D300D3007900D300D300E2
:102A3000D300D300D3006800D300D3006A02D300D0
:102A4000D300D300D300D300D300D300D300D300EE
:102A5000D3005C02C4016401640164018B02C401FF
:102A6000D300D3000003D300EA027B00CE02C902E8
:102A7000D300A702D3006A00D300D3009002002144
:102A8000A5F1300219F8015B01EB810102EB410174
:102A9000A5F13002092AF5D90B9190E74BF0100B04
:102AA0001BF0200100F048810E9B073323F0070341
:102AB0001A4652F8080B59680E9201230FE04BF0AA
:102AC000100B1BF0200100F02A810E9B073323F02E
:102AD00007031A465968002352F8080B0E92002487
:102AE0008DF86740099A561C00F07F822BF0800613
:102AF000079650EA010640F07682002A40F0FE82F6
:102B0000002B40F007851BF001030C9300F091852A
:102B100030230DF1B7068DF8B7308BE2B4EB090521
:102B200000F0AE80239BCAE900952B442393229B9F
:102B30000133072B229305DC0AF1080A0A9B2B4478
:102B40000A932AE741460D9821AA03F015FA18B90D
:102B50000DF1B80AF2E7B046B8F80C3013F0400FA8
:102B60000A9B18BF4FF0FF330A930A983FB0BDE8A5
:102B7000F08F002B40F0CF87002D00F081800023E4
:102B80008DF8673001238DF89050089324AE0C9394
:102B90000023CDF81CB009930F93079B13F0020399
:102BA00002D0089A02320892079A12F0840B05D1DB
:102BB0000B9A0899571A002F00F39583239C9DF8D0
:102BC000672082B10122CAF80420229A013401321E
:102BD0000DF16701072A23942292CAF8001000F32E
:102BE000DA830AF1080A7BB10223CAF80430229B77
:102BF000023401331AAA072B23942293CAF8002027
:102C000000F3BD830AF1080ABBF1800F00F0928245
:102C1000099B0C9AA3EB020BBBF1000F00F3CD82D2
:102C2000079BDF0500F10F820C9BCAF800601C4473
:102C3000CAF80430229B23940133072B229300F31C
:102C400046830AF1080A079B5B0705D50B9B089A88
:102C50009D1A002D00F3AD83DDE90A3208998A42FE
:102C6000ACBF9B185B180A93002C40F0E182002354
:102C7000229399F800300DF1B80A002B7FF480AE52
:102C8000239B002B3FF468AF41460D9821AA03F027
:102C900073F961E7002B40F0EA870E9B073323F0BE
:102CA0000702F2E80234CDE91034DDE9103424F0F3
:102CB00000441E4618460E9221464FF0FF32B34B99
:102CC000FEF70EFF002840F0B684304621464FF054
:102CD000FF32AE4BFEF7E6FE002840F0AC84DDE9A3
:102CE000100100220023FEF7D3FE002840F0EB86FF
:102CF0009DF86740032200212BF08003A44E079328
:102D0000A44BCDE90821472DC8BF1E460C920F9158
:102D1000002C3FF442AF089B013308933DE71BF0C2
:102D2000100348D11BF0400145D00E9A194652F8C5
:102D3000040B0E9280B2D2E61BF010030E9A40D123
:102D40001BF040013DD052F8040B19460E920123AE
:102D500080B2C4E6002B40F086871BF0200F0E9B4C
:102D600066D0073323F007031A465B6852F8080B56
:102D700019460E92002BC0F23384099B013300F0F8
:102D800070852BF08003079350EA01039DF867409C
:102D900000F0BC83DDF81CB00A2871F1000380F05C
:102DA0000185012330308DF8B700CDF81CB00C93AD
:102DB0000DF1B7063EE10E9B53F8040B0E930B4644
:102DC0008DE652F8040B01230E9288E60E9A52F813
:102DD000041B00290B910E9247DA0B9A52420B9278
:102DE00099F800504BF0040BE7E5494611F8015BF8
:102DF0002A2D00F0C187A5F13002092A894698BF23
:102E0000002100F24F8719F8015B01EB810102EB11
:102E10004101A5F13002092AF5D90991CFE5002B2E
:102E200040F01A874BF0100B1BF0200F0E9B98D12F
:102E300053F8040B1BF0100F0E9340F0CC831BF0E3
:102E4000400F00F0C88340F3C0310B4600B291E759
:102E500099F800504BF0800BAFE501232B2099F837
:102E60000050AAE5002800F02B8499F80050A4E552
:102E700099F800504BF0010B9FE599F800504BF08A
:102E8000080B9AE5002201210E9B8DF8672053F86C
:102E9000042B08918DF890200E9324AE0C9177E6C8
:102EA000002B40F0E8863C4B1BF02001139325D00B
:102EB0000E9B073323F00703596853F8080B0E9352
:102EC0001BF0010F0BD050EA010308D030238DF81E
:102ED00069508DF868304BF0020B0223FFE50223A6
:102EE000FDE599F800504BF0400B66E5002B40F0F3
:102EF000AB862A4B1BF020011393D9D11BF0100392
:102F000040F064831BF0400100F060830E9A194684
:102F100052F8040B0E9280B2D2E700270E9C099B58
:102F200054F8046B8DF86770002E00F0D3845A1C9F
:102F300000F01A841A463946304602F08BFA00280F
:102F400000F07686831B0C9323EAE3730E940997B3
:102F50009DF86740CDF81CB008930F97D8E699F814
:102F600000504BF0200B28E5302278250E9B8DF881
:102F7000682053F8040B094A0E93002102234BF0FA
:102F8000020B8DF869501392A9E500BFFFFFEF7F98
:102F90003CD1000840D1000860D100084CD10008A5
:102FA000002B40F055861BF0200F40F08F831BF064
:102FB000100F40F0E9831BF0400F00F0E5830E9BFB
:102FC0000A9953F8042B11800E93D4E499F8005019
:102FD0006C2D03BF99F801504BF0200B09F101094A
:102FE0004BF0100BE9E4DDF81CB0012B3FF4D4AE3C
:102FF000022B00F08B802EAE00F00703C00840EAE1
:103000004170C908303350EA0107324606F8013DE5
:10301000F2D11BF0010F00F08780302B00F084808C
:103020003023023A06F8013C16462EAB9B1ACDF827
:103030001CB00C93099B0C9A9342B8BF134608939B
:1030400000230F9364E6652D40F3FB80DDE910015A
:1030500000220023FEF712FD002800F0E481012386
:10306000CAF80430229BA84A01330134072B239469
:103070002293CAF8002000F306840AF1080A1B9B79
:10308000129A934203DB079BD8077FF5DCAD149BB4
:10309000159A1C44CAE90023229B23940133072B71
:1030A000229300F30A840AF1080A129B5D1E002D88
:1030B0007FF7C9AD102D40F3D8831026229B934F84
:1030C000DDF834B005E00AF1080A103D102D40F398
:1030D000CE8301331034072BCAE90076CDE92234C0
:1030E000F1DD4146584621AA02F046FF00287FF450
:1030F00033ADDDE922340DF1B80AE6E7012B00F02B
:103100005B85022BDDF81CB07FF475AF139A2EAEF1
:1031100000F00F03D35C000940EA0170090906F8CA
:10312000013D50EA0103F3D12EAB9B1BCDF81CB03F
:103130000C937FE70B9B089AA3EB020BBBF1000FEC
:103140007FF766ADBBF1100F40F3B3852146102326
:10315000229A6E4F0D9C06E0ABF1100BBBF1100FE5
:103160000AF1080A1ADD01321031072ACAE9007390
:10317000CDE92221F0DD4146204621AA02F0FCFEE5
:1031800000287FF4E9ACDDE92221ABF1100BBBF1A3
:10319000100F4FF010030DF1B80AE4DC0C460132B9
:1031A0005C44072ACDE92224CAF80070CAF804B0AA
:1031B00000F376830AF1080A2AE5BBF1100F40F309
:1031C0006D8421461023229A504F0D9C06E0ABF1EE
:1031D000100BBBF1100F0AF1080A1ADD0132103191
:1031E000072ACAE90073CDE92221F0DD41462046D5
:1031F00021AA02F0C1FE00287FF4AEACDDE9222155
:10320000ABF1100BBBF1100F4FF010030DF1B80A2A
:10321000E4DC0C4601325C44072ACDE92224CAF8DA
:103220000070CAF804B000F3C4810AF1080AF7E498
:1032300041460D9821AA02F09FFE00283FF417ADE9
:103240008AE4129B012B40F36A810123229D013401
:103250001D44072DCAF800602394CAF80430229553
:1032600000F3C8810AF1080A149B0135159A1C4421
:10327000072DCAE90023CDE9225400F3CD810AF1DC
:10328000080A0022DDE910010023FEF7F7FB002801
:1032900040F06381129B0135013B01361C44072D30
:1032A000CAF800602295CAF80430239400F34881DC
:1032B0000AF1080A169B01351C44CAF80430072D90
:1032C0001DABCDE92254CAF800307FF7BAAC4146B5
:1032D0000D9821AA02F050FE00287FF43DAC239CFB
:1032E0000DF1B80AAFE4102F40F39E84DDE92221EE
:1032F0001793102453460846CA46B1464646B84678
:103300002F460D9D0BE000BF7CD100085CCC00086F
:10331000A8F11008B8F1100F03F1080318DD01320D
:10332000BB491030072AC3E90014CDE92220EFDDA4
:103330003146284621AA02F01FFE00287FF40BAC7C
:10334000DDE92220A8F11008B8F1100F2EABE6DC61
:1033500001463D464746B0464E46D1469A46179BE3
:103360007C180132AA49072ACDE92224CAF8047040
:10337000CAF8001000F366820AF1080A1FE4414609
:103380000D9821AA02F0F8FD00287FF4E5AB239CFC
:103390000DF1B80A38E441460D9821AA179302F0BE
:1033A000EBFD00287FF4D8AB239C179B0DF1B80AE6
:1033B00019E4102D40F354841026229B0D9F04E045
:1033C000103D102D0AF1080A17DD0133904A103420
:1033D000072BCAE90026CDE92234F1DD4146384603
:1033E00021AA02F0C9FD00287FF4B6ABDDE9223442
:1033F000103D102D0DF1B80AE7DC0133844A2C444E
:10340000072BCDE92234CAF80450CAF800207FF710
:1034100023AC41460D9821AA02F0AEFD00287FF4AE
:103420009BAB239C18E41B99002940F3D781129F82
:103430000F9B9F42A8BF1F46002F0BDD229B3C44E1
:103440000133072BCAE900672394229300F3CB834F
:103450000AF1080A0F9D002FA8BFED1B002D00F3F5
:103460005B811B9D129B9D4280F23A81149B159AB1
:103470001C44CAE90023229B23940133072B229387
:1034800000F326830AF1080A129B0F9A5D1B9F1A0C
:10349000AF42A8BF2F46002F0EDD229B16440133FA
:1034A0003C44072BCAF80060CAF8047023942293A6
:1034B00000F3A5830AF1080A002FA8BFED1B002D19
:1034C0007FF7C1AB102D40F3D0811026229B514FC6
:1034D000DDF834B005E00AF1080A103D102D40F384
:1034E000C68101331034072BCAE90076CDE92234B6
:1034F000F1DD4146584621AA02F03EFD00287FF446
:103500002BABDDE922340DF1B80AE6E7099B002B6D
:1035100040F0528300232EAE09930C938AE5079B5B
:10352000DA073FF592AE0123229D01341D44072D99
:10353000CAF800602394CAF8043022957FF7B8AE29
:1035400041460D9821AA02F017FD00287FF404AB34
:10355000DDE922540DF1B80AACE6129B5E1E002E86
:103560007FF7A8AE102E40F30284CDF824904FF0E0
:10357000100BC146274FDDF8348005E00AF1080A38
:10358000103E102E40F3E38101351034072DCAE9B7
:10359000007BCDE92254F1DD4946404621AA02F0E4
:1035A000EBFC002840F08283DDE922540DF1B80ADB
:1035B000E6E741460D9821AA02F0DEFC00287FF4E0
:1035C000CBAA239C0DF1B80AFFF72ABB0E9B53F838
:1035D000040B0E9374E4C1170B46002BBFF6CDAB62
:1035E0002D2440424FF0010361EB41018DF867400B
:1035F000FFF778BA41460D9821AA02F0BDFC0028D9
:103600007FF4AAAADDE922540DF1B80A2CE600BF26
:103610004CCC00085CCC000841460D9821AA02F071
:10362000ABFC00287FF498AADDE922540DF1B80A1A
:1036300027E62EAEFEE4DDE9100102460B46FEF75A
:103640004FFA002840F07183099B013300F0E682B5
:1036500025F02003472B0C9300F09E80DDE910122B
:103660004BF48073171E0793C0F23F82109B0893A0
:1036700000231793662D00F07981462D00F07681A6
:1036800002210C9B0091452B08BF099B1FA918BF65
:10369000099C04911CA908BF5C1C03911BA93B4613
:1036A000089A0D980194029100F0C0FC672D06461F
:1036B00040F08F821BF0010F00F0A08134446CE1D8
:1036C0000123202099F80050FFF777B90E9B0A9844
:1036D00053F8041BC217C1E900020E93FFF74BB960
:1036E000079BD9073FF5C2AE129B0F9A5D1B9F1A2D
:1036F000AF42A8BF2F46DFE640210D9801F004FC41
:10370000C8F80000C8F81000002800F04D834023DE
:10371000C8F81430FFF720B9102D40F32A83B44FB6
:1037200009963A464FF0100B4746229B90460D9E55
:1037300005E00AF1080A103D102D40F3B381013372
:103740001034072BCAE9008BCDE92234F1DD39466C
:10375000304621AA02F010FC002840F0C782DDE9C3
:1037600022340DF1B80AE6E730460E940997CDF8F9
:103770001CB0FFF7ABF820EAE0739DF867400C90AF
:103780000F970893FFF7C4BA0E9B0A9953F8042BBE
:1037900011600E93FFF7EFB8099B002B08BF0123C0
:1037A00009935BE72EAE07950A22002307460D46D4
:1037B000FEF716FD3032002306F8012D3846294663
:1037C0000A22FEF70DFD0A2F75F10003ECD22EAB95
:1037D0009B1B079D0C93CDF81CB02BE40123CAF86A
:1037E0000430229B834A01330134072B2394229314
:1037F000CAF8002000F380810AF1080A002972D17A
:10380000079B129A03F0010313433FF41CAA149B75
:1038100015991A19CAE90013229B23920133072B29
:10382000229300F37C810AF1080A129901338C1863
:10383000072BCDE92234CAF80060CAF804107FF7DC
:1038400000AA44E541460D9821AA179302F094FB83
:1038500000287FF481A9239C179B0DF1B80AFFF77C
:10386000AEB99DF86740FFF797BA229B604F0133CE
:103870002C44072BCAF80070CAF80450CDE9223452
:103880007FF7DFA923E541460D9821AA02F074FBDA
:1038900000287FF461A9239C0DF1B80AFFF7EFBB64
:1038A00041460D9821AA02F067FB00287FF454A935
:1038B000239C0DF1B80AFFF7ABB941460D9821AA38
:1038C00002F05AFB00287FF447A9239C0DF1B80AA7
:1038D000FFF7EBBB062B28BF0623474E0C930E9435
:1038E0000893FFF755B9149B15981A19CAE90003F4
:1038F000229B23920133072B229300F310810AF1BC
:10390000080A002991DA4D42103180F2D681102444
:10391000374FDDF834B005E00AF1080A103D102DEC
:1039200040F3CC8101331032072BCAE90074CDE992
:103930002232F1DD4146584621AA02F01DFB002843
:103940007FF40AA9DDE922320DF1B80AE6E7C8469C
:10395000DDF8249001353444072DCDE92254CAF80E
:103960000070CAF804607FF7A3ACE9E50321DDE944
:10397000082400911FA904911CA903911BA93B468F
:1039800001940D98029100F051FB0646337804191A
:10399000302B00F0AE811B9B1C44394600220023D3
:1039A0000898FEF76BF8002840F0B3801F9BA342F5
:1039B00006D230215A1C1F9219701F9B9C42F9D8C5
:1039C0009B1B12930C9B472B1FD0662D40F0F4815C
:1039D0001B9B0BF0010B002B0F9340F3F180099917
:1039E0005BEA010240F093810F9B08930C9323E064
:1039F0005CCC00087CD1000874D100081F9B9B1B85
:103A000012930C9B472B40F0D7811B9BD91C0F9323
:103A10001DDB099A93421ADC0F9B129A9342C0F263
:103A20002E811BF0010F1EBF0F9B149A9B180C9345
:103A3000672523EAE3730893179B002B00F0CD80E2
:103A40002D238DF8673000230993FFF764B9023DF9
:103A50000F9A8DF87450531E002BA8BF2B221B9376
:103A6000BCBFC2F101032D22092B8DF8752070DC3B
:103A700030338DF8773030238DF876300423169369
:103A8000129A169B012A13440C9340F348810C9B15
:103A9000149A134400220C930F92CAE7229ABE4F45
:103AA000FFF7B8BB4246B8461746099E01332C447F
:103AB000072BCDE92234CAF80070CAF804503CDC68
:103AC0000AF1080ACDE42D248DF86740FFF712B9FA
:103AD00041460D9821AA02F04FFA00287FF43CA835
:103AE0001B9D239C0DF1B80ACEE414462D220891AB
:103AF000179204F10047BDE541460D9821AA02F056
:103B00003BFA00287FF428A81B99239C0DF1B80AE2
:103B100074E6234654E78DF86700FFF72DB8414659
:103B20000D9821AA02F028FA00287FF415A8DDE9F3
:103B300022321B990DF1B80AE3E641460D9821AAFD
:103B400002F01AFA00287FF407A8239C0DF1B80AA6
:103B500087E40DF1830C6246904F1C46104687FBAC
:103B60000312D917C1EBA20101EB8102A3EB4202C0
:103B70003032632C00F8012C0B4600F1FF32ECDCF4
:103B80003033D9B2831E9C4502F8011C40F20081FB
:103B900013460DF1760201E013F8011B9C4502F873
:103BA000011BF9D10DF185030DF176021B1A1344A7
:103BB0001DAA9B1A169363E7DDF81CB0FFF7F1B856
:103BC000099A5BEA020340F0CA80012308930C9330
:103BD00032E7472D3FF46EAD70E5179B9DF86740C7
:103BE0000993FFF795B841460D9821AA02F0C4F950
:103BF00000287EF4B1AF239C0DF1B80A2AE44146B7
:103C00000D9821AA02F0B8F900287EF4A5AF1B9DFB
:103C1000129B239C0DF1B80A5D1B4DE4062309930A
:103C200025F020030C9319E5DDE92221FFF798BB6D
:103C3000099B0E94CDF81CB09DF8674008930C9337
:103C400009900F90FFF764B88DF86700FFF751B93E
:103C50008DF86700FFF7A7B98DF86700FFF7E2B8A6
:103C6000229BFFF7CABB8DF86700FFF776B88DF887
:103C70006700FFF712B88DF86700FFF714B9149AC0
:103C8000129B13440F9A0C93002A3FF7D1AE0F9B5F
:103C90000C9AC3F101031A4422EAE27367250C92DD
:103CA0000893C9E600220992FEF789BEC846FEF7CE
:103CB00053BF229A384FFFF772BA374F01332A4465
:103CC000072BCDE92232CAF80070CAF804507FF7FA
:103CD000AAAD41460D9821AA02F04EF900287EF4C3
:103CE0003BAFDDE922320DF1B80A9EE5B846FEF79A
:103CF00033BF3946002200230898FDF7BFFE002895
:103D00007FF449AE099BC3F101031B9344E6149A67
:103D10001344194421EAE1730C9108938CE61BF0DB
:103D200001020F927FF4B3AE83E6119B0322002BB6
:103D3000B8BF2D244FF000012BF08003184E0793DD
:103D4000184BACBF9DF867408DF86740CDE908215E
:103D5000472DC8BF1E460C920F91FEF7D9BF149B8A
:103D600001331A4422EAE2730C92089364E60A4F84
:103D7000F0E5229B084F99E60E9A99F80150894682
:103D800052F8041B0E9241EAE1720992FEF715BE49
:103D90000223169374E600BF5CCC00086766666673
:103DA00044D1000848D100084FF0FF320C230A929A
:103DB0000D9A1360FEF7D9BE1B9B0F9348E600BF18
:103DC00010B5194C002924689AB028DB00900490A3
:103DD0004FF402704FF6FF7CADF80C0011D00139A2
:103DE0000291059120466946ADF80EC0FEF79CFD94
:103DF000421C01DA8B2323600022009B1A701AB048
:103E000010BD0291059120466946ADF80EC0FEF73F
:103E10008BFD431C01DA8B2323601AB010BD8B236A
:103E20004FF0FF302360F8E70800002030B514465B
:103E3000002C05469BB029DB1A464FF402734FF65F
:103E4000FF7C00910491ADF80C3011D0013C694623
:103E50001E9B02940594ADF80EC0FEF765FD421C52
:103E600001DA8B232B600022009B1A701BB030BD3F
:103E70001E9B694602940594ADF80EC0FEF754FDF2
:103E8000431C01DA8B232B601BB030BD8B234FF01A
:103E9000FF302B60F8E700BF70B5174C2568D5F8E8
:103EA0004841DCB165681F2D23DC80B14FF0010C67
:103EB00004EB850ECEF88820D4F888610CFA05F260
:103EC00016430228C4F88861CEF808310BD06B1C69
:103ED00002356360002044F8251070BD05F5A67416
:103EE000C5F84841DEE7D4F88C311343C4F88C316F
:103EF000EDE74FF0FF3070BD48CC00080000000037
:103F00002DE9F04F03690C6985B0A342C0F28980A6
:103F1000013C01F11405A30000F11408019355F8C8
:103F2000243058F8242001338A469A4208EB840151
:103F30008146B2FBF3F605EB840702913AD30021E8
:103F4000AE4640460A46A34603955EF8045B046805
:103F5000ABB206FB03132D0C190C06FB05119BB22B
:103F6000D21A1FFA84FC94448AB2C2EB144202EBC8
:103F70002C421FFA8CFC4CEA0243774540F8043B84
:103F80004FEA11414FEA2242DFD2019B5C4658F8CA
:103F90000330039D73B9029B043B984504D307E0AB
:103FA000984504F1FF3403D253F80429002AF7D0CE
:103FB000C9F810405146484601F06EFD00282CDB40
:103FC00040460023013655F8041BD0F800C08AB2E1
:103FD0009A1A1FFA8CFE0B0C7244C3EB1C4303EBC2
:103FE000224392B242EA0342AF4240F8042B4FEA26
:103FF0002343E8D258F8242008EB84036AB9043B31
:10400000984504D307E0984504F1FF3403D253F8F0
:104010000429002AF7D0C9F81040304605B0BDE8A1
:10402000F08F002005B0BDE8F08F00BF2DE9F04F04
:1040300090469946016C99B00446CDE90489259DC6
:1040400041B10123426C93408B604A6001F074FAE5
:1040500000232364B9F1000AB4BF012300232B60BD
:10406000754BBCBF2AF0004ACDF814A033EA0A030E
:1040700000F0AA80DDE9042310461946002200233F
:10408000CDE90A01FDF7FAFC074670B10123249A35
:104090001360269B002B00F0E48268481860431EE2
:1040A0000393039819B0BDE8F08F16AB019317ABDB
:1040B00000932046DDE90A2301F03EFE5FEA1A562E
:1040C000054640F09780DDE916763E4406F2324020
:1040D000202840F3B583C0F140000AFA00FA06F246
:1040E000124028FA00F04AEA0000FDF7E5F9012342
:1040F000013E0F93A1F1F8710022514BFDF79EF89C
:1041000047A3D3E90023FDF751FA47A3D3E90023DE
:10411000FDF796F8804630468946FDF7DDF944A361
:10412000D3E90023FDF742FA02460B4640464946D2
:10413000FDF786F88046894605F066F90022834639
:10414000002340464946FDF7A3FC002840F07C824E
:10415000BBF1160F00F26B82DDE90A01394B03EB6C
:10416000CB03D3E90023FDF793FC002870D0002394
:10417000BE1B0E93731E0BF1FF3B069300F15E8294
:1041800000230993BBF1000F69DA099BCDF81CB03D
:10419000A3EB0B030993CBF100030D93229B4FF08C
:1041A000000B092B64D8052B40F348830026043B01
:1041B0002293229B023B032B00F26A86DFE813F076
:1041C0005F045C045304360442F20F73249ACAF36A
:1041D000130A13605AEA08031AD1269B002B00F039
:1041E0006686194B03930833269A0398136019B017
:1041F000BDE8F08FDDE90A12C2F31303084643F06D
:104200007F510F97A6F2FF36169F41F4401173E7D6
:10421000269B002B40F0ED830C4B039341E700BF3E
:1042200061436F63A787D23FB3C8608B288AC63FBC
:10423000FB799F501344D33F0000F07F7DD10008ED
:104240000000F83F80CC000884D1000880D100082D
:10425000BE1B731E069300F18A840E900990069B84
:104260005B44CDE9063B00230D93229B092B9AD991
:10427000002322934FF0FF330126089300230C966E
:1042800023930021089B61641293204601F02EF9CC
:104290000390002800F00486039B2364089B0E2BE8
:1042A00000F21481002E00F011810799002940F3DB
:1042B0006084AF4B01F00F0203EBC2030A46D3E95F
:1042C00000674FEA2118D10540F11784DDE90A01A2
:1042D000A84B4FF0030AD3E90823FDF791FACDE983
:1042E000100108F00F08B8F1000F13D0DFF8849226
:1042F00018F0010F09D0D9E9002330463946FDF7FF
:1043000055F906460F460AF1010A5FEA680809F105
:104310000809EDD1DDE9100132463B46FDF770FAA0
:10432000804689460E9B43B1002240464946924B47
:10433000FDF7AEFB002840F035855046FDF7CCF880
:1043400042464B46FDF732F98C4B0022FCF778FFD2
:10435000A1F15073CDE910011193089B002B00F0DF
:104360009780079B1493089B13930C9B002B00F0E2
:10437000A984139A7E4B002003EBC20353E9022366
:104380007F49FDF73DFADDE91023FCF757FFCDE942
:1043900010014946404605F037F80746FDF79CF8FE
:1043A00002460B4640464946FCF748FFDDE910232C
:1043B000039E303706F8017B80468946FDF768FB8F
:1043C000002840F02E85CDF854B00027DDE910AB71
:1043D0001095139D13942AE00137AF4280F22E8589
:1043E000504659460022674BFDF7E0F80022654B26
:1043F00082468B4640464946FDF7D8F889468046B6
:1044000005F002F80446FDF767F802460B46404601
:104410004946FCF713FF303452465B4606F8014B21
:1044200080468946FDF734FB002840F0F884424678
:104430004B4600205049FCF701FF52465B46FDF712
:1044400027FB0028C8D0DDE91343109D039A07938A
:1044500002E0964200F0CD84B24616F8013D392BB9
:10446000F7D00133DBB23370079B01330793C8E108
:104470005046FDF731F842464B46FDF797F83F4B63
:104480000022FCF7DDFEA1F15073CDE9100111937C
:104490004046494600223C4BFCF7D0FEDDE910893E
:1044A0004B46424606460F46FDF710FB8146002864
:1044B00040F0AF84DDE91001024601F100433046CF
:1044C0003946FDF7E5FA002840F04883179B002B9A
:1044D000C0F28C80079A0E2A00F38880244B03EBED
:1044E000C203D3E900AB239B002B1BDA089B002BF4
:1044F00018DC40F031830022234B50465946FDF72B
:1045000055F802460B46DDE90A01FDF7CBFADDF866
:1045100020904E46002800F0CA82239BDDF80C80D4
:10452000DF43CCE25246DDE90A785B463846414635
:10453000FDF766F904F068FF81460990FCF7CCFFAF
:1045400052465B46FDF732F8039E0B460246414653
:104550003846FCF773FE09F1300306F8013B089B6F
:10456000012B00F05F83069401271C4604952AE086
:1045700080CC000870CD00080000F03F00001C4017
:104580000000E03F000024400000144052465B461B
:1045900040464946FDF734F904F036FF0546FCF77E
:1045A0009BFF52465B46FDF701F801370B4602467A
:1045B00049464046FCF742FE05F13003A74206F8A3
:1045C000013B00F02C830022AB4BFCF7EFFF0022F5
:1045D000002380468946FDF751FA0028D6D0049D75
:1045E000069C079BB246013307930AE10C9A002A06
:1045F0003DD0229A012A40F39F82089B03F1FF38A5
:104600000D9B4345C0F27082A3EB0808089B002B6A
:10461000C0F24083069A1A440692099A17461A4431
:1046200009920121204601F089F8064623E0012382
:10463000BE1B0E93731E06937FF5A2ADC6F1010358
:104640000993002306939DE55846FCF745FF424633
:104650004B46FDF713FA00287FF47AAD0BF1FF3BD0
:1046600076E5864B0393039819B0BDE8F08FDDF82B
:104670003480099F0C9E002F0CDD069900290B4603
:1046800008DDB942A8BF3B46099AFF1AD21ACB1AD5
:10469000099206930D9BE3B10C9B002B00F0608206
:1046A000B8F1000F10DD31464246204601F022F9F4
:1046B00006462A463146204601F06EF80346294652
:1046C00020461D4600F038FF0D9BB3EB080240F07A
:1046D000DB820121204601F031F8BBF1000F814659
:1046E00000F3B380229B012B40F388814FF0000A36
:1046F0000120BBF1000F40F0B480069A104410F086
:104700001F0000F09280C0F12003042B40F3D383FC
:10471000099BC0F11C00034402440993074406921C
:10472000099B002B05DD29461A46204601F03EF97B
:104730000546069B002B05DD49461A46204601F03A
:1047400035F981460E9B002B40F03881089B002BE9
:1047500040F31E810C9B002B40F09F80079B013390
:1047600007930127DDF80C80DDF820A007E029463B
:1047700000230A22204600F0E9FE0546013749469B
:104780002846FFF7BDFB574500F1300308F8013B11
:10479000EDDB089A0027002ACCBF93464FF0010BAF
:1047A000039A9344294601222046049301F0FEF81F
:1047B0004946054601F070F9002840F3AB811BF82B
:1047C000013C039A0BF1FF3B04E05A4500F0AD8138
:1047D0001BF8013D392B0BF1010AF6D001338BF8A0
:1047E00000304946204600F0A7FE56B12FB1B7422F
:1047F00003D03946204600F09FFE3146204600F0A7
:104800009BFE2946204600F097FE0023079A8AF86F
:104810000030249B1A60269B002B3FF442AC039887
:10482000C3F800A019B0BDE8F08F1C20099B074415
:1048300003440993069B0344069371E70126B8E4F9
:10484000C0F1200008FA00F04FE401465A46204625
:1048500001F050F8229B8146012B40F3B6814FF0C6
:10486000000AD9F8103009EB8303186900F01AFF29
:10487000C0F1200041E700BF000024407CD10008C7
:10488000314600230A22204600F060FE129B0646B5
:10489000002B40F3E982CDE90783002F00F31D814F
:1048A000BAF1000F40F0D981B046049B089903F09B
:1048B0000102039B0A921F46013B1944229B089167
:1048C0001343099349462846FFF71AFB31468346AE
:1048D000284601F0E1F8424649468246204601F06A
:1048E000FBF8C26801460BF13003002A43D1049063
:1048F0002846069301F0D0F8024604992046049217
:1049000000F01AFE049A069B1AB90999002900F0D2
:104910009B82BAF1000FC0F2648122994AEA010A2F
:104920000A9951EA0A0100F05C81002A00F3B6817D
:10493000089A07F1010A9742D3463B7000F0B48110
:10494000294600230A22204600F000FE464505467F
:1049500031464FF000034FF00A02204612D000F01B
:10496000F5FD4146064600230A22204600F0EEFDF2
:1049700057468046A6E72046049300F0DDFD01225D
:10498000049BC6E700F0E2FD57460646804699E7DD
:10499000229B022B7ADC0C9B002B7FF47EAF079BC3
:1049A0004946013328460793FFF7AAFADDF80CB011
:1049B00000F1300300270BF8013BF3E64946284697
:1049C00001F06AF80028BFF6C1AE294600230A228A
:1049D000204600F0BBFD079B054603F1FF380C9B0A
:1049E000002B7FF44DAF129B002B40F334820893D1
:1049F000B7E6B04B03930333FFF7F6BBDDE90412D0
:104A000000297FF473AEC2F31303002B7FF46EAE64
:104A1000A94B1340002B00F00082099B4FF0010AC4
:104A200001330993069B0133069361E601230C933E
:104A3000239B079A134412930133012B1F46B8BFDF
:104A4000012708930021172F61647FF71EAC012214
:104A500004235B0003F11400B842114602F1010285
:104A6000F7D9616411E401230C93239B002B4CDDE7
:104A70001F4612930893E5E700230C93D8E7002321
:104A80000C93F2E7129BCDF81C800893089B002B37
:104A90007FF443AD49460522204600F057FD81468C
:104AA0002846494600F0F8FF00287FF736AD31234D
:104AB0000398079F804600F8013B01370390494661
:104AC000204600F039FD7B1CDDF80CA00793CDF8E3
:104AD0000C80002E7FF491AE93E631463A46204694
:104AE00000F064FF0646DBE60D9BCDF83480A8EBB2
:104AF00003039B444FF0000888E5DDE90A234FF0EB
:104B0000020ACDE91023FFF7EEBB0123239308939C
:104B1000FFF7B7BB03D1049BD8073FF550AEDA4689
:104B20001BF8013D302BFAD05BE6079B039A01335B
:104B300007933123137054E60F9A002A00F028815E
:104B400003F23343069ADDF834801A440692099A38
:104B500017461A44099264E54FF000094E46DCE41A
:104B6000294620460D9A00F0C5FE0546B1E50E9097
:104B700064E500F01181DDE90A01079A4F4B5642C6
:104B800006F00F0203EBC203D3E90023FCF70EFD8E
:104B900036118046894600F0708100234FF0020AEA
:104BA000474FF20706D5D7E90023FCF7FFFC0123A6
:104BB0000AF1010A761007F10807F2D1002B3FF441
:104BC000B1AB80468946FFF7ADBB049B002B7FF459
:104BD00046AEDDE90412C2F31303002B3FF418AF15
:104BE0003DE6002A12DD294601222046049300F00A
:104BF000DDFE4946054600F04FFF0028049B40F3C8
:104C00001781392B00F0FB800BF13103BA46079A6C
:104C100037460132464607920AF8013BE1E509951D
:104C2000069C049D02460B46FCF70AFB52465B4677
:104C300080468946FCF74AFF60B952465B464046CB
:104C40004946FCF71BFF00283FF4CBAC099BD90772
:104C50007FF5C7AC039AFFF7FFBB2046716800F0F1
:104C600045FC0746002800F00C81336906F10C0171
:104C700002339A000C30FDF77DFC394601222046B4
:104C800000F094FE804610E62946204600F032FEF1
:104C900005461EE5DDE908239F1AC2E4392B00F022
:104CA000AE80BA460133B2E7079A3746013246462C
:104CB000079277E580D100080000F07F80CC0008E3
:104CC00070CD0008DDF84CA08349DDE9102301EB2D
:104CD000CA0151E90201FCF769FCCDE9100149461E
:104CE000404604F091FB0646FCF7F6FB0B460246F5
:104CF00049464046FCF7A2FA5346039F3036012B43
:104D00008046894607F8016B00F0AC80139E039B38
:104D10001E440022714B40464946FCF747FC894639
:104D2000804604F071FB8246FCF7D6FB02460B4638
:104D300040464946FCF782FA0AF1300A07F801AB0F
:104D4000B74280468946E4D1DDE910010022644B78
:104D5000FCF776FA42464B46FCF79AFE002862D1F1
:104D6000DDE9102300205E49FCF768FA42464B4615
:104D7000FCF7ACFE00283FF4A9AB16F8013CB246A4
:104D8000302B06F1FF36F8D0149B0133079338E53A
:104D9000169BC3F13603D5E64FF0020ADDE90A8916
:104DA000FFF7C0BA089B002B3FF462AB129B002BAD
:104DB0007FF78CAB1393079B0022013B404649468B
:104DC0001493464BFCF7F2FB804689460AF101003A
:104DD000FCF782FB42464B46FCF7E8FB414B0022C6
:104DE000FCF72EFAA1F15073CDE910011193FFF7F2
:104DF000BCBA079B013307933123FFF734BB079BF2
:104E0000BB4601330793392337460BF8013B46462F
:104E1000D7E44FF000094E4649E69A4668E4109DF3
:104E2000139CB246B0E7149B039A0793FFF714BB99
:104E30007FF4ECAEDA077FF5E9AEE2E6DDF854B0D8
:104E4000109D139CFFF742BB392BD8D0BAF1000F4D
:104E50003FF7DAAEDAE6229B022B3FF713AECDF82E
:104E60001C809CE53E466FE7229B022B3FF70AAE73
:104E7000129BCDF81C8008930FE54FF0020AFFF754
:104E800051BA024640F2EA21174B184801F032FEAF
:104E9000002620463146666400F028FB039078B96E
:104EA00000224FF4D571104B104801F023FE104B37
:104EB0000393FFF7F6B83FF433ACC0F13C00B5E420
:104EC000039B012223644FF0FF33239612930C922D
:104ED0000893FFF7FBBA00BF80CC00080000244015
:104EE0000000E03F00001C4090D10008A4D1000861
:104EF00084D10008F030704700487047380900201E
:104F000000487047380900202DE9F04F01F10B05EA
:104F1000162D064683B025D8102900F2B88000F07F
:104F2000E1FA102518224FF0020CB74F3A445368AB
:104F3000A2F108018B4200F0B7805A68D96822F0CC
:104F400003021A449C683046E1608C60516803F1AA
:104F5000080441F00101516000F0C6FA204603B098
:104F6000BDE8F08F35F0070500F19180A94200F20D
:104F70008E8000F0B7FAB5F5FC7FC0F090816B0A27
:104F800000F08C80042B00F26681AB0903F1390C30
:104F900003F138044FEACC009B4F3844436808388B
:104FA000984206D10CE0002980F22B81DB68984200
:104FB00006D05A6822F00302511B0F29F3DDA446E4
:104FC0003C69DFF848E274457AD0626822F0030257
:104FD000531B0F2B00F37281002BC7E904EE80F204
:104FE0006381B2F5007F80F015810121D308520959
:104FF0000B4491407A6857F833000A4307EBC3012A
:105000000839A060E1607A6047F83340C46001214C
:105010004FEAAC039940914259D8114206D12CF085
:10502000030C490011420CF1040CFAD007EBCC0937
:1050300048466446D0F80C80404508D118E1002B62
:1050400080F21D81D8F80C80404500F01181D8F81D
:10505000042022F00302531B0F2BF0DD08EB0501A7
:1050600045F00105C8F804503046D8E90264F46000
:10507000A66043F00104C7E904114C60C1E902EEE7
:1050800048F8023000F030FA08F1080402E00C237E
:1050900000243360204603B0BDE8F08F4FF4007069
:1050A0004FF0400C3F2477E7D3689A4208BF0CF1D9
:1050B000020C7FF442AF3C69DFF850E1744584D1C3
:1050C00001217A684FEAAC0399409142A5D9BC68A6
:1050D000636823F00308454503D8A8EB05030F2BAD
:1050E0007FDCDFF82C91D7F80824D9F800300132A2
:1050F0002B4404EB080A00F02B8103F580530F3397
:1051000023F47F6B2BF00F0B5946304600F022FF43
:10511000411C024600F0EB80824500F2E680D9F89F
:10512000041059440B46C9F8041000F04681D7F822
:10513000081401311BBFA2EB0A0A5344C7F8082424
:10514000C9F8043012F0070300F00C81C3F1080124
:105150000A44C3F5805193440831A1EB0B01C1F31C
:105160000B0A514630460192009300F0F3FE421CB8
:10517000DDE9003200F04781831A03EB0A0BD9F80E
:1051800004004BF001030AEB0001BC42BA60C9F80D
:105190000410536000F01D81B8F10F0F40F21B8125
:1051A0004FF0050C6368A8F10C0020F0070003F035
:1051B0000103034363600F2804EB0003C3E901CC40
:1051C00000F2288114465368D9F82C208A42D9F875
:1051D000302038BFC9F82C108A4238BFC9F83010C7
:1051E00087E0621943F0010345F001056560304630
:1051F000BA600834536000F077F9204603B0BDE888
:10520000F08FD9681A449DE638040020400400203D
:105210003C0A0020B2F5206F4FEA52235FD3142BD3
:1052200000F2B28003F15C01C9005B337818795851
:105230000838884200F08F804B6823F003039342C4
:1052400002D989688842F7D1C8687A68C4E902102F
:105250008460CC60DBE6142B59D9542B00F29C807F
:105260002B0B03F16F0C03F16E044FEACC0093E6B5
:105270000134A30700F108007FF4DCAE53E044469C
:1052800042445368D8F80C1043F00103536054F8BB
:10529000083F3046D9608B6000F026F9FAE64FEA05
:1052A000D50C05F1080240E622445368304643F02D
:1052B0000103536000F018F90834EBE6611945F07A
:1052C0000105656043F00105C7E904113046C1E9F5
:1052D00002EE4D60A35000F007F90834DAE69309B6
:1052E00003F13901C9003833A0E7BC425FD0BC6884
:1052F000636823F0030B5D45ABEB050302D80F2B6E
:105300003FF76FAF304600F0EFF80024C2E603F13C
:105310005C0C03F15B044FEACC003DE659F8083918
:105320004B4540F095801CF0030F0CF1FF3CF5D18C
:105330007B6823EA01037B60490099423FF6C7AED0
:1053400011B9C4E6490004341942FBD0A4466DE605
:1053500003F1100BD8E601229B109A407B681A4398
:105360007A6073E702EB0B014942C1F30B0A514625
:1053700030460193009200F0EDFD431CDDE900236F
:105380007FF4FAAE9A46FAE6542B27D8130B03F1B2
:105390006F01C9006E3349E7B3F5AA7F27D8EB0B3D
:1053A00003F1780C03F177044FEACC00F4E5D9F867
:1053B00004305B44C9F80430B9E6CAF30B00002896
:1053C0007FF4B5AEBC6808EB0B0343F001036360E8
:1053D000FAE61446F8E60123536093E7B3F5AA7F93
:1053E00022D8D30B03F17801C90077331EE740F2CE
:1053F0005452934222D8AB0C03F17D0C03F17C0490
:105400004FEACC00C8E5083B9B444FF0000AABEBE9
:10541000020BB4E604F10801304601F033FCBC682D
:10542000D9F804106368CFE640F254518B420BD890
:10543000930C03F17D01C9007C33F7E64FF47E70D5
:105440004FF07F0C7E24A7E54FF47E717E23EDE6BE
:105450007B6871E75FFA81FC810710D00346511E1B
:105460002AB90AE09A0718460AD0013905D3184626
:1054700013F8012B6245F5D17047002070471146A3
:1054800003290CD80029F8D00346014401E08B42DF
:10549000F3D0184613F8012B6245F8D1ECE7024629
:1054A00010B54CEA0C2444EA044410460368043264
:1054B0006340A3F1013E2EEA030313F0803F04D1C1
:1054C000043903291046F0D851B10346014401E0E4
:1054D0008B4205D0184613F8012B6245F8D110BD58
:1054E000002010BD704700BF704700BF38B5C36CC7
:1054F00005460C464BB153F8240080B1026843F8CE
:1055000024200023C0E9033338BD2122042101F007
:1055100017FB0346E8640028EDD1002038BD0121C7
:10552000284601FA04F56A1D920001F009FB0028E3
:10553000F3D0C0E90145E4E731B1C36C4A6853F8E0
:105540002200086043F82210704700BF2DE9F041A7
:105550004FF0000E0E461C460D69074601F114007F
:1055600001680EF1010E8BB202FB0343090C4FEAF6
:10557000134C02FB01CC9BB203EB0C43754540F886
:10558000043B4FEA1C44EBDC3CB1B368AB4207DDA3
:1055900006EB850301355C6135613046BDE8F0817D
:1055A000716838460131FFF7A1FF8046A8B1326922
:1055B00006F10C01023292000C30FCF7DBFFFB6CB1
:1055C000726853F82210316043F82260464606EBB9
:1055D000850301355C613561DFE70246B521024B89
:1055E000024801F087FA00BF90D10008D8D1000826
:1055F0002DE9F8431E46DFF8A0C0174603F1080264
:105600008CFB023C092E4FEAE27305460C46C3EBC5
:105610006C0339DD4FF0010C00214FEA4C0C63455F
:1056200001F10101F9DC2846FFF760FF014668B38C
:10563000089B092F43614FF00103036112DC092726
:105640000A34BE420BDDF61B264414F8013B0A2245
:105650002846303BFFF77AFFA6420146F5D10846BF
:10566000BDE8F88304F10909C8463C4418F8013B39
:105670000A222846303BFFF769FFA0450146F5D1D5
:10568000A7F108044C44DCE70021CCE70246CE2118
:10569000024B034801F02EFA398EE33890D100080E
:1056A000D8D10008020C12040346CAB91020834066
:1056B00013F07F4F04BF1B02083013F0704F04BF7C
:1056C0001B01043013F0404F04BF9B000230002B3D
:1056D00005DB13F0804F00F1010008BF2020704768
:1056E0000020E5E70368024613F0070009D0D90758
:1056F0001FD498074BBF5B089B0801200220136052
:10570000704799B209B91020C340D9B209B908301D
:105710001B0A190704BF1B090430990704BF9B0823
:105720000230D90703D45B0800F1010003D01360F5
:105730007047002070472020704700BF38B5C36C09
:1057400004460D464BB15868B0B102685A60002259
:1057500001234561C0E9032338BD2122042101F062
:10576000EFF90346E0640028EDD100224FF4A07168
:10577000074B084801F0BEF91C220121204601F028
:10578000DFF90028F1D001220223C0E90123DEE77E
:1057900090D10008D8D100082DE9F04F0E691569A5
:1057A0008846AE42144685B005DB2A462346354678
:1057B0000C4616469846A3686168AF19BB42B8BF4D
:1057C0000131FFF793FE0190002800F08780019BD4
:1057D00003F1140909EB870AD14505D24B46002293
:1057E00043F8042B9A45FBD808F1140808EB860B04
:1057F00004F11403D8451A4603EB85055FD22B1B31
:10580000153B23F0030304331534A54238BF0423AA
:10581000CDE902A7AC461F46924605E0000C29D10F
:10582000C34509F1040948D958F8040B85B2002D85
:10583000F4D056464C46002356F8040B216882B239
:105840001FFA81FE05FB02EE000C0A0C05FB00228C
:10585000734402EB13429BB243EA0243B44544F85B
:10586000043B4FEA1243E7D849F8073058F8040CD4
:10587000000CD5D0D9F80030544619464D460022C8
:105880002688090C00FB06119BB20A4443EA024336
:1058900045F8043B54F8046B2968360C8BB200FBC6
:1058A0000633A44503EB12434FEA1342E8D8C3453D
:1058B00049F8073009F10409B6D8DDE902A7002F3D
:1058C00002DC05E0013F03D05AF8043D002BF9D07B
:1058D000019B18461F6105B0BDE8F08F024640F2FB
:1058E0005D11024B024801F005F900BF90D100089C
:1058F000D8D1000812F003032DE9F0411446074601
:105900002ED10E46A4101CD0BD6C95B3E3074FF00A
:10591000000806D4641014D02868A8B10546E3072F
:10592000F8D52A4631463846FFF736FFB6B17168DA
:10593000FB6C641053F82120326043F82160064666
:10594000EAD13046BDE8F0812A4629463846FFF7BD
:1059500023FF28600546C0F80080E0E70646D9E747
:105960000F4A013B52F823200023FFF7EFFD0646C4
:10597000C8E701213846FFF7B9FD054640B140F2BE
:1059800071230122C0E904230023B8640360BDE74A
:1059900002464FF4A071034B034801F0ABF800BF7F
:1059A00070CC000890D10008D8D100082DE9F0474C
:1059B0000C462669A36806EB6216751C9D4290464C
:1059C000074649684FEA621904DD5B009D4201F118
:1059D0000101FADC3846FFF789FD002851D0B9F102
:1059E000000F00F114010FDD0B464FF0000C09F120
:1059F00005024FEA820E00EB820243F804CB934289
:105A0000FBD1AEF114031944226904F1140318F018
:105A10001F0803EB820C2CD08E464FF0000AC8F111
:105A200020091A6802FA08F242EA0A024EF8042B28
:105A300053F8042B9C4522FA09FAF2D8ACEB040384
:105A4000153B23F00303043304F11502944538BFDA
:105A50000423BAF1000F18BF2E4641F803A0FB6CD7
:105A60006268066153F82210216043F82240BDE8C5
:105A7000F087043953F8042B9C4541F8042FF9D8DA
:105A8000EDE7024640F2D911014B024801F032F82D
:105A900090D10008D8D1000884460B690069C01A6B
:105AA00015D10CF1140C14310CEB830210B401EB82
:105AB000830301E0944508D252F8044D53F8041DC5
:105AC0008C42F7D004D24FF0FF3010BC70477047C3
:105AD000012010BC704700BF2DE9F84F0C69136915
:105AE0008946E41A002C17467DD101F114061432C0
:105AF00002EB830206EB830301E09E4276D253F869
:105B0000045D52F8041D8D42F7D067D3D9F8041014
:105B1000FFF7ECFC002873D0D9F81050C46000F1F6
:105B2000140426464FF0000A3B6909F1140807F1F6
:105B3000140E09F1100C08EB85020EEB83095CF8DA
:105B400004BF5EF8041B1FFA8BF353441FFA81FA5B
:105B5000090CA3EB0A03C1EB1B4101EB23419BB2F0
:105B600043EA0143F14546F8043B4FEA214AE6D8AF
:105B7000A9EB070115391537B94521F0030606F1E0
:105B8000040638BF042621F0030138BF0021B044C9
:105B9000424526440C4418D93746444654F8041B61
:105BA0008BB253444FEA234A0AEB11419BB243EABA
:105BB0000143A24247F8043B4FEA214AEED8541E63
:105BC000A4EB080424F00304344423B954F8043D3E
:105BD000013D002BFAD00561BDE8F88F4B4601244A
:105BE000B9461F4692E7F9DB00248FE70021FFF753
:105BF0007DFC60B101220023C0E90423BDE8F88FD9
:105C000002464FF41071054B054800F073FF024641
:105C100040F23221014B024800F06CFF90D10008A5
:105C2000D8D100080F4B0B40A3F15073002B02DDBD
:105C30000020194670475B42B3F1A07F4FEA235220
:105C400005DA4FF40023002043FA02F17047143ABA
:105C50001E2AD6BF4FF00043012223FA02F2002190
:105C6000104670470000F07F2DE9F041076900F110
:105C7000140606EB87070C4657F8041CA7F1040826
:105C80000846FFF70FFDC0F120030A28236036DD28
:105C900046451ED2B0F10B0357F8082C26D0C3F1AD
:105CA000200C994022FA0CF00843A7F1080140F0BB
:105CB0007F558E4245F440153AD202FA03F057F868
:105CC0000C3C23FA0CF303431C4620462946BDE84E
:105CD000F081B0F10B0308D001FA03F0002340F08B
:105CE0007F551C4645F44015EFE71A46144641F02F
:105CF0007F5545F4401520462946BDE8F081C0F1A6
:105D00000B0321FA03F2464542F07F552CBF0022D7
:105D100057F8082C45F4401538BFDA4000F1150358
:105D200001FA03F343EA020420462946BDE8F08164
:105D300002FA03F31C46C8E770B5012182B016468B
:105D40001D46FFF7D3FB044600284CD02B46C5F375
:105D50000A55C3F313030DB143F48013002E0193CE
:105D600022D068460096FFF7BDFC002837D0019B83
:105D70000099C0F1200203FA02F20A43C3400193E2
:105D80006261002B14BF02210121A3612161B5B121
:105D9000069BA5F2334505441D60079BC0F1350005
:105DA0001860204602B070BD01A8FFF79BFC0123DC
:105DB000019A1946626120302361002DE8D104EB7D
:105DC0008102A0F232431069069A1360FFF76AFC61
:105DD000C0EB41112046079B196002B070BDDDE9A0
:105DE00000236261CDE7024640F20A31014B0248CE
:105DF00000F080FE90D10008D8D100082DE9F043D2
:105E000083B0884669468146FFF72EFF04460D465B
:105E1000404601A9FFF728FFD9F81030D8F8102024
:105E20000F469A1ADDE90063F31A03EB4213002BC5
:105E30000CDD05EB035906464D4632463B462046EF
:105E40002946FBF7DDFC03B0BDE8F083C3EB033369
:105E500001EB035106460F46EFE700BF172870B568
:105E600006460ADD002000240749084D22462B463D
:105E7000FBF79CFB013EF9D170BD054B03EBC0065F
:105E8000D6E9040170BD00BF0000F03F00002440CF
:105E900070CC000801F1FF3C116902F114034FEAD4
:105EA0006C1C03EB81010CF1010C8B4200EB8C0CA0
:105EB00016D210B5A0F1040E53F8044B99424EF8D7
:105EC000044FF9D88B1A153B23F00303043318440D
:105ED000844504D9002340F8043B8445FBD810BD19
:105EE000844505D9002340F8043B8445FBD870471E
:105EF000704700BF03694A11934200F1140009DAA8
:105F000000EB830302E053F8042DC2B98342FAD8B0
:105F10000020704710DD11F01F010DD010B450F8B3
:105F2000224000EB820324FA01F202FA01F18C42D2
:105F30000BD0012010BC704700EB8203E6E7012084
:105F4000704753F8042D002AF3D18342F9D800207A
:105F500010BC7047002238B5064D044608462A603A
:105F600003F0B2FA431C00D038BD2B68002BFBD0E5
:105F7000236038BD700A00202DE9F04F93689146E8
:105F800083B0002B6ED0176880460C4608688D6879
:105F9000083744E0B4F80CC01CF4906F2ED0D4E95C
:105FA0000413451A03EB430303EBD373AA194FEA17
:105FB000630A531C5345524684BF9A4652461CF40A
:105FC000806F36D011464046FEF79EFF00283AD03B
:105FD0002A4621690190FCF7CDFAA289019B22F49F
:105FE000906242F08002A2815819AAEB0505A560D3
:105FF000C4F814A03546B246236120605946524683
:1060000000F0A6FFD9F80830A16820684D1B504465
:106010009E1BA5602060C9F808601EB3083757E9C9
:1060200002B6002EFAD0B542AA46B3D93546B246DA
:10603000E4E7404601F008F803460028D4D1404682
:10604000216900F01FFE0C2300224FF0FF30C8F83A
:106050000030A38943F04003A381C9E9012203B0C2
:10606000BDE8F08F00231846C9F8043003B0BDE83E
:10607000F08F00BF2DE9F04FABB006938B89174628
:106080001A068846834603D50B69002B00F0A884C6
:106090001AAB0D9300235E46CDE90E330DF168096E
:1060A000099303933B78002B00F035813C4604E0D4
:1060B00014F8013F002B00F05681252BF8D1E51B89
:1060C00040F053812378002B00F0258100214FF010
:1060D00000024FF0FF3B08468A466378671C8DF844
:1060E0002F2005910137A3F12002582A00F2578191
:1060F000DFE812F0A90255015501A502550155012D
:1061000055015501550155019B0297025501350175
:106110007E0255017A025900590059005900590070
:1061200059005900590059005501550155015501B3
:1061300055015501550155015501550160025501A3
:10614000550155015501550155015501550155019F
:1061500055012201550155015501550155016800B0
:1061600055015501140255015501550155015501BF
:10617000550155015501550155010502840155018F
:10618000550155015C02840155015501520255012A
:106190003C0224012B02E0015501BF0155016A00B8
:1061A00055015501E4010024A3F1300217F8013B29
:1061B00004EB840402EB4404A3F13002092AF5D96C
:1061C000059490E74AF0100A1AF0200100F00881C7
:1061D000069B073323F007031A465968012352F838
:1061E000080B06924FF000028DF82F200022079234
:1061F000BBF1FF3F00F02F822AF08002029250EAAA
:10620000010240F02682BBF1000F40F00E84002B0B
:1062100040F08B831AF00103049300F0888330234D
:106220000DF167048DF86730049A079B5A45B8BF93
:106230005A46019213B1134601330193029B13F0A6
:106240000203079302D0019B02330193029B13F0D8
:106250008403089305D1059B019A9D1A002D00F334
:10626000CA82DDE90E219DF82F0078B101200132AC
:106270000131C9F80400072A0DF12F00CDE90E21E4
:10628000C9F8000000F3F28209F10809079B73B115
:10629000022301320231C9F80430072A0CABCDE9E0
:1062A0000E21C9F8003000F3EE8209F10809089BBD
:1062B000802B00F00682049BABEB0305002D00F35E
:1062C0004482049B01321944072ACDE90E21C9F802
:1062D0000040C9F8043000F3798209F10809029BF3
:1062E0005B0705D5059B019A9C1A002C00F3D88208
:1062F000039B059A01988242ACBF9B181B1803931D
:10630000002940F06F8200230E933B780DF168095D
:10631000002B7FF4CBAE0F9B002B40F0A583B8F889
:106320000C3013F0400F039B18BF4FF0FF33039363
:1063300003982BB0BDE8F08F4AF0100A1AF0200144
:1063400041D0069B073323F007031A4652F8080B87
:1063500059680692002345E7059B5B4205933B780D
:106360004AF0040ABEE6E51BD5D00F9BC9E90075CB
:106370002B440F930E9B0133072B0E9305DC09F181
:106380000809039B2B4403939CE6414630460DAA23
:10639000FFF7F2FD0028C2D10DF16809F1E70029ED
:1063A00040F06883002BB6D08DF840304FF00003EA
:1063B0008DF82F30012310AC019304934FF0000BA4
:1063C000CDF808A03AE71AF0100347D11AF04001BF
:1063D00044D0069A194652F8040B069280B201E79F
:1063E0001AF01003069A3FD11AF040013CD052F83F
:1063F000040B19460692012380B2F3E6002940F00F
:1064000052831AF0200F069B00F0DE80073323F042
:1064100007031A465B6852F8080B19460692002BD0
:10642000C0F29182BBF1FF3F00F0FB829DF82F305C
:106430002AF0800A079350EA010300F070820A28CC
:1064400071F1000380F09682012330308DF86700EF
:10645000CDF808A004930DF16704E5E6069B53F818
:10646000040B06930B46BDE652F8040B012306927B
:10647000B8E64FF00003069D8DF82F3055F8044B19
:10648000002C00F0E582BBF1FF3F00F09C825A46F1
:1064900000212046FEF7DEFF002800F0EE82031BFD
:1064A00004939DF82F304FF0000B0695CDF808A00F
:1064B0000793B9E63B784AF0200A13E6002940F03A
:1064C000EF82A84A1AF0200109922FD0069A0732CB
:1064D00022F00702516852F8080B06921AF0010FD9
:1064E0000BD050EA010208D08DF8313030234AF049
:1064F000020A8DF83030022374E6022372E64FF070
:1065000000020121069B8DF82F2053F8042B0191E6
:1065100010AC8DF84020069304914FE7002940F01D
:10652000C582914A1AF020010992CFD11AF01002C7
:1065300040F0FF811AF0400100F0FB81069C1146FB
:1065400054F8040B069480B2C8E730228DF830204E
:106550007822069B8DF8312053F8040B814A06936C
:10656000002102234AF0020A09923BE6002940F08A
:106570008F821AF0200F40F01C821AF0100F40F0AA
:106580003D821AF0400F00F03982069B039953F8C0
:10659000042B1180069385E53B786C2B03BF7B7839
:1065A0004AF0200A01374AF0100A9BE53B784AF08E
:1065B000400A97E5002940F07C824AF0100A1AF060
:1065C000200F069B7FF422AF53F8040B1AF0100F34
:1065D000069340F0B3811AF0400F00F0AF8140F312
:1065E000C0310B4600B21AE73B784AF0800A79E5E1
:1065F0003C4614F8013B2A2B00F06582A3F13002DF
:10660000092A27464FF0000B3FF66DAD17F8013B06
:106610000BEB8B0B02EB4B0BA3F13002092AF5D9E4
:1066200061E501212B203B785CE5069B53F8042BA8
:10663000002ACDE90523FFF68FAE3B7852E53B7883
:106640004AF0010A4EE50028F7D1012120203B78CD
:1066500048E5DDF808A0012B3FF4F1AE022B1AAC9F
:1066600012D1099A00F00F03D35C000940EA0170CF
:10667000090904F8013D50EA0103F3D11AAB1B1BD1
:10668000CDF808A00493CFE500F00703C00840EA66
:106690004170C908303350EA0105224604F8013D33
:1066A000F2D11AF0010FE9D0302BE7D03023023AB3
:1066B00004F8013C1AAB9B1A1446CDF808A00493C9
:1066C000B2E5059B01981D1A002D7FF7F4AD102D42
:1066D00040F3F681DFF894A010235046A24604460A
:1066E00004E0103D102D09F1080918DD01321031C8
:1066F000072AC9E90043CDE90E21F2DD41463046C3
:106700000DAAFFF739FC00287FF409AEDDE90E2160
:10671000103D102D4FF010030DF16809E6DC234603
:1067200054469A4601322944072ACDE90E21C9F878
:1067300000A0C9F8045000F37E81049B09F1080908
:10674000ABEB0305002D7FF7BCAD102D40F3898125
:10675000DFF818A00B4651464FF0100BA2460C462E
:106760000BE000BF4CD1000860D10008A8CD0008A4
:10677000103D102D09F1080916DD01321033072AEA
:10678000C9E9004BCDE90E23F2DD414630460DAAA2
:10679000FFF7F2FB00287FF4C2ADDDE90E23103DC8
:1067A000102D0DF16809E8DC1946234654469A4637
:1067B00001322944072ACDE90E21C9F800A0C9F801
:1067C000045000F3CA8009F108097AE541463046D1
:1067D0000DAAFFF7D1FB00287FF4A1AD0F990DF1B1
:1067E00068097CE5414630460DAAFFF7C5FB002845
:1067F0003FF489AD93E5102D40F34D81DDE90E2185
:10680000DFF8E4A210235046A246044604E0103DFF
:10681000102D09F1080918DD01321031072AC9E9E4
:106820000043CDE90E21F2DD414630460DAAFFF7C7
:10683000A3FB00287FF473ADDDE90E21103D102D80
:106840004FF010030DF16809E6DC234654469A46E2
:1068500001322944072ACDE90E21C9F800A0C9F860
:10686000045000F3D38009F10809FCE441463046A6
:106870000DAAFFF781FB00287FF451ADDDE90E2161
:106880000DF1680902E5414630460DAAFFF774FB99
:1068900000287FF444ADDDE90E210DF1680906E51D
:1068A000102C40F30981DFF840A20A46514610251A
:1068B000B2460E9B0E4604E0103C102C09F108096C
:1068C00016DD01331032072BC9E90065CDE90E3220
:1068D000F2DD414650460DAAFFF74EFB00287FF43B
:1068E0001EADDDE90E32103C102C0DF16809E8DC1C
:1068F000114632465646924601332144072BC9E9D8
:1069000000A4CDE90E317FF7F3AC414630460DAA25
:10691000FFF732FB00287FF402AD0F99E8E4BBF1EA
:10692000000F7FF491ADCDF808A0CDF810B01AACEF
:106930007AE4069A52F8040B0692CFE5C1170B468B
:10694000002BBFF66FAD2D2240424FF0010361EBEB
:1069500041018DF82F2007924AE4414630460DAAA6
:10696000FFF70AFB00287FF4DAACDDE90E210DF118
:106970006809A6E41AACCDF804A00A2200238246D6
:106980000D46FBF72DFC3032002304F8012D504654
:1069900029460A22FBF724FCBAF10A0F75F100031D
:1069A000EBD2DDF804A01AAB1B1BCDF808A00493B2
:1069B0003AE4069B039853F8041BC217C1E900028E
:1069C0000693FFF76FBB20460695CDF808A0FBF7AE
:1069D0007DFF9DF82F304FF0000B0793049023E4C8
:1069E0004021FEF791FAC8F80000C8F8100000280E
:1069F00073D04023C8F81430FFF74ABB069B0399B5
:106A000053F8042B11600693FFF74CBB4146304608
:106A10000DAAFFF7B1FA00287FF481AC0DF16809E7
:106A20001FE49DF82F30079309E5012BDDF808A03E
:106A30007FF414AE08E5414630460DAAFFF79CFAF4
:106A400000287FF46CACDDE90E210DF1680932E419
:106A50005B46062B28BF0623244C0493069501931E
:106A6000ACE4DFF88CA0A3E6414630460DAAFFF760
:106A700083FA54E48DF82F0094E49DF82F30CDF87C
:106A800010B006958346CDF808A00793FFF7CCBB5E
:106A90008DF82F006DE5DFF850A0DDE90E21D7E677
:106AA0008DF82F000DE58DF82F00AAE48DF82F004A
:106AB00037E58DF82F0080E50E9BDFF82CA01BE753
:106AC000DFF82CA02EE6069D7B7855F8042B274690
:106AD000069542EAE27BFFF705BB0C234FF0FF323D
:106AE000CBF80030039223E498CD000874D100085D
:106AF000A8CD0008144600B51A460A4B0D461B687F
:106B000085B0DE6803464CB107490191304607491C
:106B10000294009500F052F801F088FC04490C46FC
:106B2000F3E700BF080000200CD200081CD20008C8
:106B300098CF000808B513460022FFF7DBFF00BF1F
:106B400010B502FB01F1FEF7DFF9044668B150F819
:106B5000042C22F00302043A242A18D8132A06D857
:106B600002460023C2E900339360204610BD002393
:106B70001B2AC0E900330FD9242AC0E9023311BF10
:106B800000F11002036100F118024361E9E70021FE
:106B9000FBF766FD204610BD00F10802E1E700BFEB
:106BA0000CB400B583B004AB53F8042B019300F090
:106BB0005DFD03B05DF804EB02B070470EB400B5A4
:106BC000074A82B003AB0146106853F8042B0193C7
:106BD00000F04CFD02B05DF804EB03B0704700BF5D
:106BE00008000020F8B50C46234F0646FEF77AFC55
:106BF000BB685D68C4F57E6325F003050F332B4445
:106C000023F47F6323F00F03A3F58054B4F5805F72
:106C100007DB00213046FFF79DF9BB682B44984203
:106C200004D03046FEF760FC0020F8BD30466142DB
:106C3000FFF790F901300DD0104ABB682D1B45F0CD
:106C400001055D60136830461B1B1360FEF74CFCAA
:106C50000120F8BD00213046FFF77CF9BA68831A9D
:106C60000F2BDEDD43F001035360054B03491B6826
:106C7000C01A0860D5E700BF38040020400A002091
:106C80004008002000295ED0F8B50C460646FEF705
:106C900029FC54F8042C784FA4F1080522F00101D6
:106CA0006818D7F808C04368844523F0030300F050
:106CB0008780D207436034D454F8082C07F10804C5
:106CC000AD1A1144AA68A24268D000EB030CDCF8AC
:106CD00004E0D5F80CC01EF0010FC2F80CC0CCF8CF
:106CE000082000F0918041F001036B600160B1F574
:106CF000007F31D24A09CB08012191407A680133E3
:106D00001143796007EBC30257F83310083AC5E91D
:106D1000021247F83350CD603046BDE8F840FEF728
:106D2000E3BBC2185268D2070ED4194407F1080415
:106D30008368A34270D0C268DA60936041F00103B7
:106D40006B606950D3E7704741F00103B1F5007FF4
:106D500044F8043C0160CDD3B1F5206F4FEA5123D4
:106D600047D28B0903F1390003F13802C300F81848
:106D7000FB580838984258D05A6822F003028A42D9
:106D800002D99B689842F7D1D868C5E9023085607E
:106D90003046DD60BDE8F840FEF7A6BBC218526879
:106DA000D20763D40B44D0E90212CA60916043F069
:106DB00001026A603046EB50BDE8F840FEF794BB34
:106DC0000B44D10707D454F8082CAD1A1344D5E965
:106DD0000212CA60916043F001026A60274ABD60F6
:106DE00012689A4298D8264B30461968FFF7FAFE87
:106DF00092E7142B0AD9542B1FD80B0B03F16F0009
:106E000003F16E02C300B2E7194491E703F15C009D
:106E100003F15B02C300AAE741F00103C7E904558F
:106E2000C5E902446B60695076E70121921001FACE
:106E300002F279680A437A60A7E7B3F5AA7F06D819
:106E4000CB0B03F1780003F17702C3008FE740F228
:106E50005452934206D88B0C03F17D0003F17C025F
:106E6000C30084E74FF47E737E2280E741F0010384
:106E70006B60016050E700BF380400204408002028
:106E80003C0A002042B110B510460B49144600F0F0
:106E9000C9FA18B9094810BD084870472046074983
:106EA00000F0C0FA0028F5D02046054900F0BAFAF3
:106EB0000028EFD0002010BD50D200084CD20008AE
:106EC00098CF0008014B93F828017047480800202C
:106ED00041B110B508460C460A4900F0A3FA18B9AA
:106EE000094810BD084870472046074900F09AFA43
:106EF0000028F5D02046054900F094FA0028EFD08C
:106F0000002010BD50D200084CD2000898CF0008D5
:106F100010B4034CD4F8E440A44610BC604700BF52
:106F20004808002082B049B15AB16BB113780B60A8
:106F30001278101E18BF012002B0704701A9002A64
:106F4000F3D1104602B070476FF00100F4E700BFC4
:106F500088420DD98B1883420AD900EB020CBAB1D2
:106F6000624613F801CD994202F801CDF9D170477C
:106F70000F2A0ED8034602F1FF3C4AB10CF1010C76
:106F8000013B8C4411F8012B614503F8012FF9D125
:106F9000704740EA01039B074FD1A2F1100370B57F
:106FA00001F1200C23F00F0501F1100E00F1100487
:106FB000AC441B095EF8105C0EF1100E44F8105C36
:106FC0005EF81C5C103444F81C5C5EF8185C44F8F5
:106FD000185C5EF8145CE64544F8145CEAD10133B1
:106FE00012F00C0F01EB031102F00F0400EB03137E
:106FF00027D08E46043C24F003064FEA940C1E442E
:107000001C1F5EF8045B44F8045FB442F9D10CF134
:10701000010402F0030203EB840301EB840102F19B
:10702000FF3C4AB10CF1010C013B8C4411F8012BDF
:10703000614503F8012FF9D170BD034602F1FF3C11
:107040009CE72246EBE700BF2DE9F84F16460029E2
:1070500000F0988006F10B0580460C46FEF742FAD8
:10706000162D5DD810252A46AE425ED854F8041C71
:10707000A4F1080921F00307974262DABC4B09EB3F
:107080000700D3F808C0844500F09780D0F804C00A
:107090002CF0010303445B68DB0768D42CF0030C7D
:1070A00007EB0C03934247DACB0710D454F8083CA3
:1070B000A9EB030ADAF8043023F003018C44BC4442
:1070C000944580F211817B18934280F2E88031462A
:1070D0004046FDF719FF0646E0B154F8043CA0F124
:1070E000080223F001034B44934200F0D2803A1F80
:1070F000242A00F2F580132A00F2AC8003462246CF
:10710000116819605168596092689A60214640463A
:10711000FFF7B8FD4046FEF7E7F93046BDE8F88FC7
:1071200025F00705002D2A469EDA0C230026C8F814
:1071300000303046BDE8F88F1F46D0E90223D36007
:107140009A607B1B0F2B22D8D9F8043003F001037F
:107150003B43C9F804304F447B6843F001037B6034
:1071600026464046FEF7C0F93046BDE8F88FC9070D
:10717000ADD454F8083CA9EB030ADAF8041021F066
:107180000301A0E71146BDE8F84FFDF7BDBED9F8F1
:10719000041043F0010301F001012943C9F8041070
:1071A00009EB05014B604F447B68404643F0010307
:1071B00008317B60FFF766FDD2E7DCF8040020F0C1
:1071C000030B07EB0B0C05F1100084454DDAC907E2
:1071D0003FF57DAF54F8081CA9EB010ADAF804105A
:1071E00021F003018B44BB4458453FF76CAF564632
:1071F000DAF80C1056F8080F3A1F242AC16088608C
:1072000000F2DB80132A40F2D68021681B2ACAF8DC
:1072100008106168CAF80C1000F2E08008340AF126
:1072200010022168116061685160A1689160ABEB48
:1072300005020AEB050142F0010299604A60DAF8A2
:107240000430404603F001031D43CAF80450FEF722
:107250004BF96EE723681B2A03606368436068D8B4
:1072600004F1080200F108034AE709EB0502ACEB60
:10727000050C9A604CF00103536054F8043C4046FE
:1072800003F001031D4344F8045CFEF72DF9264684
:107290004FE750F8043C23F003031F4451E75646E0
:1072A000DAF80C1056F8080F3A1F242AC1608860DB
:1072B0004CD8132A48D921681B2ACAF808106168DB
:1072C000CAF80C1056D808340AF110021F46236879
:1072D000D146136063685360A3683446936030E717
:1072E0002146FFF735FE11E75646D0E90213CB6081
:1072F000996056F8081FDAF80C303A1F242ACB6040
:1073000099602DD8132A29D923681B2ACAF8083076
:107310006368CAF80C3042D808340AF110032268B6
:1073200067461A606268D1465A60A26834469A601D
:1073300007E7A368242A8360E368C36026D004F1CA
:10734000100200F11003DBE63246BFE7214630466B
:107350001F46D146FFF7FCFD3446F2E63346DEE732
:10736000214630466746D146FFF7F2FD3446E8E64F
:1073700038040020A168242ACAF81010E168CAF86D
:10738000141020D010340AF118029FE7236904F189
:10739000180203616369436100F11803B0E6A36852
:1073A000242ACAF81030E368CAF8143022D0103406
:1073B0000AF11803B3E7324633E721463046FFF7B8
:1073C000C7FD174B33E722691834CAF8182054F860
:1073D000042CCAF81C200AF1200277E7A168242AAD
:1073E000CAF81010E168CAF814100ED010340AF16F
:1073F000180216E723691834CAF8183054F8043C08
:10740000CAF81C300AF1200389E722691834CAF847
:10741000182054F8042CCAF81C200AF1200200E7B6
:107420003804002080EA010C1CF0030F37D110F063
:10743000030C20F0030021F0030150F8042B08BFD7
:1074400051F8043B0ED08CF0030C6FF07F434FEAF1
:10745000CC0C23FA0CFC51F8043B42EA0C0243EA40
:107460000C0300BFA2F1013C9A4201BF2CEA020CBE
:107470001CF0803F50F8042B51F8043BF2D04FEA47
:1074800002604FEA1222012828BFB0EB036F08BF49
:107490001B0AF4D003F0FF03000EC01A704710F06F
:1074A000030F0AD010F8012B11F8013B012A28BF65
:1074B0009A42F4D0A2EB030070474DF8045D50F8F7
:1074C000042B01F0030521F0030151F8043B022DC8
:1074D00026D04DD822F07F45B5EB132FA2F1013C09
:1074E0002CEA020C0DD11CF0803C08BF51F8043B83
:1074F0000AD185EA0205B5EB036F0CD150F8042BD5
:10750000E8E74FEA13235BE03CF07F4C54D10B7863
:107510004FEA126554E04FEA126503F0FF034FE0B3
:107520004FEA0245A2F1013C4FEA15452CEA020C54
:10753000B5EB134F18D11CF0803C08BF51F8043B49
:1075400007D185EA0205B5EB034F09D150F8042BAA
:10755000E6E75FEA0C4C2FD10B884FEA12452FE08B
:107560004FEA03434FEA12454FEA134328E000BFB6
:1075700002F0FF05B5EB136FA2F1013C2CEA020CFF
:107580000DD11CF0803C08BF51F8043B0AD185EABC
:107590000205B5EB032F0AD150F8042BE8E74FEAB8
:1075A00013630DE012F0FF0F06D051F8043B4FEAD1
:1075B000122523F07F4303E04FF0000020BC70470A
:1075C00005F0FF0203F0FF00012828BF904204BF2E
:1075D0002D0A1B0AF4D0A2EB000020BC704700BFAC
:1075E0002DE9F84F4B6E90469C042DD59368126898
:1075F00043B38B46064602F1080959E9025A5FEA8D
:107600009A0715D00024043D01E0A7420ED05A4647
:10761000304655F8041F01F03BF9431C04F1010406
:10762000F3D10023C8E90133BDE8F88FD8F808305A
:107630002AF0030AA3EB0A03C8F8083009F1080985
:10764000002BDAD10020ECE701F054F90023C8E95F
:107650000133BDE8F88F00BF10B494680CB110BCC2
:10766000BEE72046546010BC704700BF2DE9F04FC4
:10767000ABB01C46884617468346069318B1836B09
:10768000002B00F02482B8F90C1088048AB20AD4C6
:10769000D8F8643041F4005223F40053A8F80C20C9
:1076A000C8F8643092B2130740F1A480D8F81030C3
:1076B000002B00F09F8002F01A020A2A00F0A88036
:1076C0001AAB0D930023CDE90E330DF16809099330
:1076D00005933B78002B00F00F813C4604E014F842
:1076E000013F002B00F0EA80252BF8D1E51B40F08C
:1076F000E7802378002B00F0FF804FF0000200218C
:107700008DF82F204FF0FF3208468A466378671CB9
:10771000029204910137A3F12002582A00F2F98065
:10772000DFE812F02C02F700F7003102F700F70053
:10773000F700F700F700F700E3012802F700ED017A
:10774000F101F7002402590059005900590059006D
:107750005900590059005900F700F700F700F700E9
:10776000F700F700F700F700F700F7000B02F7004B
:10777000F700F700F700F700F700F700F700F70051
:10778000F7009500F700F700F700F700F700840016
:10779000F700F7004302F700F700F700F700F700E3
:1077A000F700F700F700F700F7003502A601F70031
:1077B000F700F7008402A601F700F7007A02F7004D
:1077C00064029700C402C002F7009F02F70086001F
:1077D000F700F70088020024A3F1300217F8013BFC
:1077E00004EB840402EB4404A3F13002092AF5D926
:1077F000049490E74146584600F0AEFD002840F062
:107800003785B8F80C2002F01A020A2A7FF458AF24
:10781000B8F90E30002BFFF653AF23463A464146E7
:1078200058462BB0BDE8F04F00F048BD4AF0100AB2
:107830001AF0200100F00E81069B073323F00703A6
:107840001A4652F8080B5968069201230FE04AF0D5
:10785000100A1AF0200100F0F080069B073323F095
:1078600007031A465968002352F8080B06924FF096
:1078700000028DF82F2000220792029A541C00F07B
:1078800028822AF08004019450EA010440F01F820B
:10789000002A40F08F84002B40F00B841AF0010383
:1078A000039340F033841AACDDE902639E42B8BF13
:1078B0001E46079B002B3ED001363CE0E51B1BD04B
:1078C0000E9B0F9A01332A44072BC9E900750F92CA
:1078D0000E9305DC09F10809059B2B44059308E785
:1078E000002A00F0CD83414658460DAAFFF778FEE6
:1078F00030B90DF16809EFE70F9B002B40F082844F
:10790000B8F80C305B0600F1B38405982BB0BDE8E5
:10791000F08F002940F07284002BEDD001268DF805
:1079200040304FF0000310AC8DF82F300396002349
:10793000CDF804A00293019B13F002030793019B6F
:1079400018BF023613F08403089304D1049B9D1BD7
:10795000002D00F3D782DDE90E0200F1010C9DF845
:107960002F3083B1012001320DF12F03BCF1070F3D
:10797000CDE90EC2C9E9003000F3A482604609F1E6
:1079800008090CF1010C079BE3B102230232C9F88C
:107990000430BCF1070F0CABCDE90EC2C9F80030C2
:1079A00040F3AA82002A00F06583414658460DAA9A
:1079B000FFF716FE0028A3D1DDE90E020DF16809DC
:1079C00000F1010C089B802B00F0C481DDE902313D
:1079D0005D1A002D00F31982039BBCF1070F1A44B6
:1079E000CDE90EC2C9F80040C9F8043040F3AF81B8
:1079F000002A00F0D182414658460DAAFFF7F0FD5B
:107A000000287FF47DAF0F9A0DF16809019B59079B
:107A100004D5049B9C1B002C00F3C882DDE90413F1
:107A2000B142ACBF5B189B190593002A40F0358228
:107A300000230DF168090E934BE61AF0100349D1AB
:107A40001AF0400146D0069A194652F8040B0692E5
:107A500080B20CE71AF01003069A41D11AF04001E7
:107A60003ED052F8040B19460692012380B2FEE67E
:107A7000002940F0EF831AF0200F069B66D00733F1
:107A800023F007031A465B6852F8080B1946069262
:107A9000002BC0F20383029B013300F087839DF823
:107AA0002F302AF0800A079350EA010300F0518337
:107AB0000A2871F1000380F00E83012330308DF825
:107AC0006700CDF804A003930DF16704ECE600F025
:107AD0006FFED8E5069B53F8040B06930B46C6E6EB
:107AE00052F8040B01230692C1E6069B53F8042BBF
:107AF000002A0492069344DA049B5B4204933B7889
:107B00004AF0040A06E63C4614F8013B2A2B00F032
:107B1000B783A3F13002092A274698BF002400F258
:107B2000898317F8013B04EB840402EB4404A3F1BE
:107B30003002092AF5D90294EDE5002940F084834A
:107B40004AF0100A1AF0200F069B98D153F8040B44
:107B50001AF0100F069340F09C821AF0400F00F0CC
:107B6000988240F3C0310B4600B291E73B784AF06F
:107B7000800ACFE501212B203B78CBE5002800F0DF
:107B8000DC823B78C6E53B784AF0010AC2E54FF05B
:107B900000020126069B8DF82F2053F8042B10AC11
:107BA0008DF8402006930396C1E6002940F04983F2
:107BB000BE4A1AF02001099244D0069A073222F0F8
:107BC0000702516852F8080B06921AF0010F0BD009
:107BD00050EA010208D08DF8313030234AF0020A11
:107BE0008DF83030022342E6022340E6002940F0BF
:107BF0002E831AF0200F40F096821AF0100F40F0FA
:107C0000CD821AF0400F00F0C982069B059953F807
:107C1000042B118006935CE53B786C2B03BF7B78CB
:107C20004AF0200A01374AF0100A73E53B784AF01F
:107C3000400A6FE5002940F001839D4A1AF02001B7
:107C40000992BAD11AF0100240F01E821AF04001D7
:107C500000F01A82069C114654F8040B069480B278
:107C6000B3E74FF00003069D8DF82F3055F8044B15
:107C7000002C00F0A582029B5E1C00F073821A4665
:107C800000212046FDF7E6FB002800F0C982031B17
:107C90000393002302939DF82F300695CDF804A09E
:107CA000079301E63B784AF0200A33E530228DF84D
:107CB00030207822069B8DF8312053F8040B7C4A43
:107CC0000693002102234AF0020A0992CFE5DDF86B
:107CD00004A0012B3FF4ECAE022B1AAC12D1099A8E
:107CE00000F00F03D35C000940EA0170090904F8B1
:107CF000013D50EA0103F3D11AAB1B1BCDF804A0E0
:107D00000393D1E500F00703C00840EA4170C908B9
:107D1000303350EA0105224604F8013DF2D11AF051
:107D2000010FE9D0302BE7D03023023A04F8013CB0
:107D30001AAB9B1A1446CDF804A00393B4E50123B3
:107D4000039A1A940E931B920F920DF1680909F190
:107D500008095BE6049B9D1B002D7FF737AE102DB5
:107D600040F38B82DFF84CA1014650461023A24617
:107D7000044607E001F1020C014609F10809103D33
:107D8000102D1DDD481C10320728C9E90043CDE93C
:107D90000E02EFDD002A00F08F80414658460DAA02
:107DA000FFF71EFC00287FF4ABADDDE90E12103D9D
:107DB000102D4FF010030DF1680901F1010CE1DC09
:107DC000234654469A462A44BCF1070FCDE90EC219
:107DD000C9F800A0C9F8045040F39F81002A00F0C0
:107DE000FB81414658460DAAFFF7FAFB00287FF4B5
:107DF00087ADDDE90231DDE90E025D1A002D0DF1DE
:107E0000680900F1010C7FF7E7AD102D40F3E18127
:107E1000DFF8A0A0014650461023A246044607E022
:107E200001F1020C014609F10809103D102D1BDD7E
:107E3000481C10320728C9E90043CDE90E02EFDDE6
:107E40002AB3414658460DAAFFF7CAFB00287FF423
:107E500057ADDDE90E12103D102D4FF010030DF15E
:107E6000680901F1010CE3DC234654469A462A4492
:107E7000BCF1070FCDE90EC2C9F800A0C9F8045043
:107E800000F3E38009F108090CF1010CA4E54FF0BF
:107E9000010C11460DF16809C7E7414658460DAA85
:107EA000FFF79EFB00283FF4C3AD29E560D1000831
:107EB0004CD10008C8CD00084FF0010C11460DF15F
:107EC00068095CE7002A00F0D280414658460DAAB6
:107ED000FFF786FB00287FF413ADDDE90E020DF1FC
:107EE000680900F1010C4EE502224FF0010C0CABC9
:107EF0001A930DF168091B92604609F1080900F117
:107F0000010C5FE5102D40F3A881DDE90EC2DFF81A
:107F100004A3102350466146A246044607E001F13F
:107F2000020C014609F10809103D102D1BDD481C0B
:107F300010320728C9E90043CDE90E02EFDD2AB36C
:107F4000414658460DAAFFF74BFB00287FF4D8ACFA
:107F5000DDE90E12103D102D4FF010030DF16809F0
:107F600001F1010CE3DC2346604654469A462A445C
:107F70000728CDE90E02C9F800A0C9F8045000F3A3
:107F80009D8009F1080900F1010CE8E411464FF069
:107F9000010C0DF16809C7E7019B0E9258074CD5FB
:107FA000049B9C1B002C48DD0DF16809102C40F34C
:107FB0005A81DFF860A2102553460E99B2461E463C
:107FC00006E0881C194609F10809103C102C19DD3F
:107FD0004B1C1032072BC9E90065CDE90E32F0DDEC
:107FE00032B3414658460DAAFFF7FAFA00287FF44B
:107FF00087ACDDE90E12103C102C0DF1680901F17F
:108000000100E5DC334656469A4622440728C9E972
:1080100000A4CDE90E027FF701AD72B1414658468A
:108020000DAAFFF7DDFA00287FF46AAC0F9AF5E499
:10803000012011460DF16809C7E7DDE90423B242CA
:10804000ACBF9B189B190593F2E4002A3FF477AE6E
:10805000414658460DAAFFF7C3FA00287FF450ACFA
:108060000E9B0F9A0DF1680903F1010CB4E4079B14
:10807000002B67D14FF0010C10460DF16809A1E407
:108080000E920DF1680927E4069A52F8040B069245
:108090009BE5C1170B46002BBFF6FDAC2D224042DD
:1080A0004FF0010361EB41018DF82F200792FFF79C
:1080B000E4BB029B1AAC0393FFF7F6BB002A5FD028
:1080C000414658460DAAFFF78BFA00287FF418ACFA
:1080D0000DF168093FE41AAC0A22002306460D465A
:1080E000FAF77EF83032002304F8012D3046294695
:1080F0000A22FAF775F80A2E75F10003ECD21AABD2
:108100001B1BCDF804A00393FFF7CEBB30230DF16A
:1081100067048DF86730FFF7C7BB604609F10809AF
:108120000CF1010C52E4DDE9050353F8041BC217FE
:10813000C1E900020693FFF7CCBA012120203B7869
:10814000FFF7E8BA02220CAB1A930DF168091B92F3
:10815000D3E6029B002B7FF4B0ACCDF804A00393D0
:10816000FFF7A1BB20460695CDF804A0FAF7AEFBB9
:10817000002302939DF82F3003900793FFF794BBE1
:108180009DF82F307BB301230DF12F021A929C46EC
:108190001A460DF168091B93FFF7F0BB069B059982
:1081A00053F8042B11600693FFF793BA9DF82F3014
:1081B00007937DE4012BDDF804A07FF48DAD7CE412
:1081C000029E154C062E28BF062606950396FFF73D
:1081D000AEBBDFF848A04AE64FF0010C10460DF1A7
:1081E0006809FFF7F3BB079B002B7FF47DAE1046B9
:1081F0004FF0010C0DF16809FFF7E8BB8DF82F0077
:10820000FFF78ABB414658460DAAFFF7E9F9FFF789
:1082100077BB00BFB8CD000874D10008C8CD0008F6
:10822000029B069503939DF82F30CDE901A007939B
:10823000FFF73ABB00220292FFF76DBA8DF82F00CC
:10824000FBE48DF82F00B3E48DF82F0078E48DF86F
:108250002F00CEE48DF82F000DE40E980F9ADFF872
:1082600038A0013083E60E98DFF82CA00130CCE670
:108270004FF0FF330593FFF748BBDFF820A0A2E5DE
:10828000069A7B78274652F8044B069244EAE47239
:108290000292FFF73FBA00BFB8CD0008C8CD000872
:1082A0008C4600B586461346034A714610685DF851
:1082B00004EB6246FFF7DAB90800002070B500242D
:1082C000ADF58D6D4FF4806506940C4602950595CD
:1082D000A5891AA925F00205ADF80C50656E00912C
:1082E0001995E5890491ADF80E50E5696946079541
:1082F000656A06460995FFF7B9F9051E07DB694669
:10830000304600F02DF9002818BF4FF0FF35BDF8BA
:108310000C305B0603D5A38943F04003A3812846B4
:108320000DF58D6D70BD00BF10B4034CD4F8E04066
:10833000A44610BC604700BF48080020034649B16E
:10834000FF2A02D801200A7070478A224FF0FF30BE
:108350001A6070470846704738B5334B05461B68AE
:108360000C460BB19A6B12B3B4F90C3018079AB2E1
:1083700025D5216900292DD012F0010007D0002554
:108380006069A5604042A06139B1002038BD950701
:1083900058BF6069A0600029F7D1120658BF08468F
:1083A000F4D543F040034FF0FF30A38138BD1846A9
:1083B00000F0FEF9B4F90C3018079AB2D9D4D106FE
:1083C0002AD5520714D4216943F00803A3819AB235
:1083D0000029D1D102F42070B0F5007FCCD0214625
:1083E000284600F043FCB4F90C3021699AB2C3E787
:1083F000216B51B104F14002914204D02846FEF7AE
:1084000041FCB4F90C30002222630022216923F0E0
:108410002403C4E90012D7E7092243F040032A608D
:108420004FF0FF30A38138BD08000020062008B5BA
:1084300000F05AFD012001F05DF800BFB1F90C20F9
:10844000F8B50C461107074643D4636842F400624E
:10845000002BA2815BDDA56A002D56D000233E686B
:108460003B6093B212F4805255D101233846E16942
:10847000A847421C65D0A389A56A5B0705D5636838
:10848000C01A236B0BB1E36BC01A0246E1690023EB
:108490003846A847411C40D13B68002B3DD01D2BDE
:1084A00001D0162B54D10022A38923F40063A381A9
:1084B0002369C4E90032216B3E6031B304F140030B
:1084C000994202D03846FEF7DDFB002318462363AD
:1084D000F8BD2669CEB193B29A0718BF002325686C
:1084E00008BF63692660AD1BA3600CE02B463246D3
:1084F000D4F824C03846E169E047B0F1000CA5EBA0
:108500000C05664416DD002DF0DC0020F8BDE36BA1
:10851000002BA0DCF9E7206DAFE70022B4F90C30A6
:10852000626023F400632269A381DB042260C2D568
:108530002065C0E7A3894FF0FF3043F04003A381DB
:10854000F8BD3B68002B96D01D2B06D0162B04D00F
:10855000A38943F04003A381F8BD00203E60F8BD2D
:1085600038B504460D4608B1836B1BB1B5F90C0054
:1085700030B938BD00F01CF9B5F90C000028F8D06E
:1085800029462046BDE83840FFF758BF38B5B8B196
:108590000F4B04461D680DB1AB6B4BB1B4F90C0029
:1085A00000B938BD21462846BDE83840FFF746BF30
:1085B000284600F0FDF8B4F90C000028F1D0F1E7EE
:1085C000044B05491868BDE8384000F02BBB00BFDC
:1085D0000800002048CC0008618500080020704792
:1085E000014900F01FBB00BFF59200080020704752
:1085F0002DE9F0470024032582460423DFF8A8C0B4
:10860000C0E9B8454568C0F83CC0DFF8A090DFF885
:10861000A080284F284E00F53B70CAF8E8020822D7
:10862000EB602146C5E90044C5E904446C66AC60D2
:10863000AC6105F15C00FAF713F8204BC5E9075966
:10864000C5E90987EE62DAF808500822EB60214696
:10865000C5E90044C5E904446C66AC60AC6105F151
:108660005C00F9F7FDFF164BC5E90759C5E9098715
:10867000EE62DAF80C502146EB600822C5E90044AE
:10868000C5E904446C66AC60AC6105F15C00F9F7C7
:10869000E7FF0123C5E90759C5E90A76C5F8248033
:1086A000CAF83830BDE8F087E18500086590000819
:1086B0008D900008CD900008ED90000809000100A1
:1086C00012000200682270B54D1E02FB05F50E4631
:1086D00005F17401FCF718FC044640B100210C3090
:1086E000C4E9016005F168022160F9F7B9FF20468D
:1086F00070BD00BF274B2DE9F0411E680746B36BE4
:108700005BB34FF0040806F53876D6E90134013B37
:1087100004D51EE05A1C04F168041AD0B4F90C50B8
:10872000013B002DF6D11C4B08222946C4E9005517
:10873000C4E90253C4E904556566A56104F15C000F
:10874000F9F78EFFC4E90C55C4E911552046BDE880
:10875000F08135682DB12E46D7E73046FFF748FF48
:10876000CFE74FF4D6713846FCF7CEFB044668B12C
:10877000056029460546C0F804800C304FF4D072DD
:10878000A060F9F76DFF34602E46BEE70C23306021
:108790003B60DBE748CC00080100FFFF024B0349C8
:1087A000186800F03FBA00BF48CC0008F5920008F6
:1087B000836B03B170471BE7704700BF704700BF72
:1087C000704700BF704700BF024B0349186800F0B4
:1087D00009BA00BF08000020DD850008024B0349EC
:1087E000186800F0FFB900BF08000020ED85000800
:1087F0002DE9F04383B0074688461446FEF762FB36
:10880000012803D108F1FF33FE2B33D94246384605
:1088100004F15C0301A900F0CFFC421C06462FD0F6
:1088200018B39DF8041000250DF1050908E0236830
:108830005A1C226019700135B54216D219F8011B75
:10884000A368013B002BA360F1DAA269934201DB2C
:108850000A29ECD12246384600F04CFC431CEAD1F0
:108860000646304603B0BDE8F0834646304603B0C6
:10887000BDE8F0835FFA88F106468DF80410D2E770
:108880003046A38943F04003A38103B0BDE8F083E1
:10889000B2F90C3013F4005F0AD110B4546E43F4F3
:1088A000005344F400545466938110BCFFF7A0BFFA
:1088B000FFF79EBF0E4B70B51E6805460C460EB105
:1088C000B36B8BB1B4F90C309A0406D4626E43F4E6
:1088D000005342F40052A381626622462946304684
:1088E000BDE87040FFF784BF3046FFF761FFE9E75E
:1088F000080000209368002B00F0B7802DE9F04FAE
:10890000B1F90C300C4619078046174683B098B26F
:1089100025D523691BB310F002033D682DD04FF01D
:10892000000B5E46DFF8B8A2002E00F08B805645A3
:1089300033465A4628BF53464046E169D4F824C01E
:10894000E047002840F38780BB6883441B1A361A2F
:10895000BB60002BE8D1002003B0BDE8F08F2146BA
:108960004046FFF7F9FC002840F03681B4F90C309E
:108970003D6898B210F00203D1D110F0010976D110
:108980004E46002E5AD08205D4F808B040F1B5808A
:10899000B3455A4600F2CD8010F4906F00F0CB80C2
:1089A00023682169A3EB010B636903EB430A0AEB1C
:1089B000DA7A0BF101034FEA6A0A3344534552460F
:1089C00084BF9A465246430540F1EA80114640462C
:1089D000FCF79AFA002800F0F9805A4621690190C4
:1089E000F9F7C8FDA289019B22F4906242F080024F
:1089F000A28103EB0B0023613246AAEB0B03B346C3
:108A0000C4F814A0A3602060B24600264946019233
:108A1000FEF79EFAA3682168019AA3EB0B030A44B0
:108A2000A3602260B868D144A0EB0A00B8600028B7
:108A300091D0B4F90C0080B2002EA4D1D5E90096F3
:108A400008359EE7D5E900B608356DE72146404672
:108A5000FFF786FD80B3B4F90C304FF0FF3043F0E0
:108A60004003A38103B0BDE8F08F002070471E468D
:108A7000AA46994618461D4656B3002832D04A46A3
:108A800020682169B24228BF32468842636904D90E
:108A9000A16803EB010B5A4574DC934265DC2A465E
:108AA0004046E169D4F824C0E047B0F1000BD2DDC4
:108AB000B9EB0B09CAD00120BB685D44A3EB0B03E3
:108AC000A6EB0B06BB60002B3FF445AF002ED4D1C4
:108AD0000AF1080353F8046C9A4653F8085C08330B
:108AE000002EF7D032460A212846FCF7B3FC0028B6
:108AF00069D00130A0EB0509C1E7206823699842DD
:108B00001BD86369B34218D86FF0004CB44528BF36
:108B1000B4469CFBF3FC4A4603FB0CF34046E16978
:108B2000D4F824C0E047B0F1000A94DDA6EB0A06B1
:108B300078E7B3463246206866E7B345DA4628BF91
:108B4000B24649465246FEF703FAA3682268A3EBF1
:108B50000A035244A3602260002BE7D1214640461D
:108B6000FFF7FEFC0028E1D075E729469346019205
:108B7000FEF7EEF9A368019A9B1AA36023681A44D2
:108B8000226095E729465A46FEF7E2F92368214616
:108B90005B4440462360FFF7E3FC002888D05AE797
:108BA0004046FEF751FA034600287FF422AF4046C4
:108BB0002169FEF767F80C22B4F90C30C8F80020E0
:108BC00023F0800349E7721C914659E70C22B4F95F
:108BD0000C30C8F8002040E74FF0FF30BCE600BF83
:108BE00000FCFF7F2DE9F0410026884600F538772C
:108BF000D7E90154013D0ED4A389013D012B06D9CB
:108C0000B4F90E30013302D02046C04706436B1C36
:108C100004F16804F0D13F68002FE9D13046BDE887
:108C2000F08100BF2DE9F8434FF000090746884660
:108C300000F53876D6E90154013D10D4A389013DF1
:108C4000012B08D9B4F90E30013304D0214638463F
:108C5000C04749EA00096B1C04F16804EED136688C
:108C6000002EE7D14846BDE8F88300BF2DE9F0416A
:108C70008B890C46990796B008D5012204F143036D
:108C8000C4E90432236016B0BDE8F081B4F90E10D7
:108C90000646002927DB6A4600F064FB002821DB3A
:108CA000019D4FF4806805F47045A5F50055B5FAAF
:108CB00085F54FF400676D0941463046FCF724F90D
:108CC000B4F90C30F0B1204A43F08003F263C4F8E9
:108CD0001480A3812060206135BB3B43A38116B083
:108CE000BDE8F081A38913F0800519D04FF040084A
:108CF000304641460025FCF707F92F46B4F90C3001
:108D00000028E0D19A05BED4012123F0030304F129
:108D1000430243F00203C4E90421A3812260B2E7C5
:108D20004FF480682F46C7E73046B4F90E1000F0C4
:108D30002DFB10B9B4F90C30CFE7A38923F003035E
:108D400043F001031BB2C8E7E185000870B50C468B
:108D5000B1F90E10154600291E4696B014DB6A467E
:108D600000F000FB00280FDB019A4FF4806302F44F
:108D70007042A2F50052B2FA82F24FF4006052093A
:108D800032602B6016B070BD0023B4F90C10336054
:108D900011F0800004D0402218462A6016B070BD41
:108DA0004FF480632B6016B070BD00BF38B5D0F8AB
:108DB000DC420CB1002038BD80210546FCF7A4F848
:108DC0000246C5F8DC0230B1031F7C3243F8044F81
:108DD0009342FBD1EEE74FF0FF3038BD1F29F8B5C5
:108DE000054609D8D0F8DC620C4617464EB156F855
:108DF000240046F82470F8BD16234FF0FF302B6096
:108E0000F8BD8021FCF780F80646C5F8DC0240B1C9
:108E10000021031F00F17C0543F8041F9D42FBD194
:108E2000E5E74FF0FF30F8BD1F2938B5054621D8DA
:108E3000D0F8DC220C466AB152F8213053B1012B34
:108E400016D0591C10D00025204642F824509847CF
:108E5000284638BD284600F003F922460146284638
:108E6000BDE8384000F0E8B8162301202B6038BD7B
:108E7000002038BD16234FF0FF302B6038BD00BFF7
:108E80001F292DD8D0F8DC2238B50C46054682B112
:108E900052F8243002EB84024BB1591C1BD0012B39
:108EA00017D00025204615609847284638BD012078
:108EB00038BD8021FCF728F80246C5F8DC0260B115
:108EC0000020131F02F17C0143F8040F9942FBD1EB
:108ED000DEE7032038BD022038BD4FF0FF3038BD3B
:108EE0004FF0FF30704700BF38B5154B1F281D6885
:108EF00020D8D5F8DC22044662B152F820304BB1BC
:108F0000012B15D0591C0FD0002542F8205098474E
:108F1000284638BD284600F0A3F8224601462846D8
:108F2000BDE8384000F088B8162301202B6038BD1A
:108F3000002038BD16234FF0FF302B6038BD00BF36
:108F400008000020134B1F2870B51E6809D80D4675
:108F5000D6F8DC12044649B151F8240041F82450F7
:108F600070BD16234FF0FF30336070BD8021304656
:108F7000FBF7CAFF0146C6F8DC0240B10022031F1E
:108F800000F17C0C43F8042F6345FBD1E4E74FF07C
:108F9000FF3070BD0800002038B50C4B1D68D5F8B7
:108FA000DC420CB1002038BD80212846FBF7ACFF25
:108FB000C5F8DC0238B1031F00F17C0243F8044F0E
:108FC0009342FBD1EEE74FF0FF3038BD08000020A0
:108FD00038B5184B1F281D6829D8D5F8DC2204465F
:108FE00082B152F8243002EB84024BB1591C1CD0E0
:108FF000012B18D00025204615609847284638BD1B
:10900000012038BD80212846FBF77EFF0246C5F8C7
:10901000DC0260B10020131F02F17C0143F8040F51
:109020008B42FBD1DDE7032038BD022038BD4FF075
:10903000FF3038BD0800002070B50026074D0446FB
:10904000084611462E6000F027FA431C00D070BD80
:109050002B68002BFBD0236070BD00BF700A00207E
:1090600000F00ABA10B50C46B1F90E1000F0B6F9CE
:10907000002803DB236D0344236510BDA38923F47B
:109080008053A38110BD00BF002070472DE9F0413F
:109090000C46B1F90C101F46CB05054616460BD4FD
:1090A00021F48051A1813B4632462846B4F90E1086
:1090B000BDE8F04100F0C4B8B4F90E10022300225C
:1090C00000F076F9B4F90C10EAE700BF10B50C46D1
:1090D000B1F90E1000F06CF9A389421C0EBF23F405
:1090E000805343F480532065A38110BDB1F90E1065
:1090F00000F0BCB8F8B506460D46144610B1836BB7
:10910000002B43D0B4F90C20A3691007A36091B2DF
:109110001BD52369CBB1EDB289042F4622D5226835
:109120006169D31A994229DD0133A1680139A1602F
:10913000511C2160157062699A422AD0A389DB070D
:1091400001D50A2D25D03846F8BD21463046FFF717
:1091500003F920BBB4F90C20EDB291B289042F467B
:109160002369DCD442F40052A281626E616922F468
:10917000005262662268D31A9942D5DC21463046F5
:10918000FFF7EEF958B901232268CEE7FFF710FB8D
:10919000B8E721463046FFF7E3F90028D3D04FF077
:1091A000FF37D0E703460A46024908681946FFF729
:1091B000A1BF00BF0800002070B505461C4684B062
:1091C00039B10B4ED6F8E060B047431C09D004B06B
:1091D00070BD0A460649D1F8E06001A9B047431CBA
:1091E000F5D100228A2322602B6004B070BD00BF3D
:1091F0004808002070B5104B14461D6884B058B163
:109200000E4B0A46D3F8E060014623462846B04795
:10921000431C0BD004B070BD08491346D1F8E06080
:10922000024601A92846B047431CF3D100228A23F5
:1092300022602B6004B070BD0800002048080020A8
:1092400038B50C46114600228446074D20462A6058
:109250001A46644600F046F9431C00D038BD2B681E
:10926000002BFBD0236038BD700A0020002238B5E7
:10927000064D044608462A6000F0EEF8431C00D074
:1092800038BD2B68002BFBD0236038BD700A00204E
:1092900070B50C460646FFF7D1F8E36A054633B1D0
:1092A0003046E16998470028B8BF4FF0FF35A389E1
:1092B0001B0619D4216B41B104F14003994202D03D
:1092C0003046FDF7DFFC00232363616C21B130469B
:1092D000FDF7D8FC00236364FFF76EFA0023A38137
:1092E000FFF76CFA284670BD30462169FDF7CAFCCD
:1092F000E0E700BFB1B138B505460C4608B1836B55
:109300004BB1B4F90C300BB9002038BD21462846CA
:10931000BDE83840BCE7FFF74BFAB4F90C30002B3E
:10932000F2D0F3E700207047C0B138B50C4B0446CB
:109330001D680DB1AB6B4BB1B4F90C300BB900200B
:1093400038BD21462846BDE83840A1E72846FFF74A
:109350002FFAB4F90C30002BF1D0F2E7002070475F
:109360000800002070B50026074D04460846114647
:109370002E6000F079F8431C00D070BD2B68002BE4
:10938000FBD0236070BD00BF700A0020002238B5FA
:10939000064D044608462A6000F076F8431C00D0CB
:1093A00038BD2B68002BFBD0236038BD700A00202D
:1093B00038B50C46114600228446074D20462A60E7
:1093C0001A46644600F070F8431C00D038BD2B6884
:1093D000002BFBD0236038BD700A002038B50C4646
:1093E000114600228446074D20462A601A466446EC
:1093F00000F062F8431C00D038BD2B68002BFBD076
:10940000236038BD700A00204FEA410212F50012B5
:1094100015D211D56FF47873B3EB625212D94FEABB
:10942000C12343F0004343EA505311F0004F23FAA5
:1094300002F018BF404270474FF00000704750EAFA
:10944000013005D111F0004008BF6FF000407047B7
:109450004FF00000704700BF5822024B4FF0FF3022
:109460001A607047700A00205822024B4FF0FF30FC
:109470001A607047700A00205822024B4FF0FF30EC
:109480001A607047700A00205822024B00201A60B0
:10949000704700BF700A00205822024B4FF0FF3087
:1094A0001A607047700A00205822024B4FF0FF30BC
:1094B0001A607047700A00205822024B4FF0FF30AC
:1094C0001A607047700A0020044A05491368002B8F
:1094D00008BF0B461844106018467047740A0020F5
:1094E000800C00205822024B4FF0FF301A6070476A
:1094F000700A0020FEE700BF70B586B005461F4B1E
:109500009A6942F480429A619A6902F48042009218
:10951000009A9A6942F004029A619B6903F004037D
:109520000193019B002402940394049405944FF446
:10953000007302930223039303230593104E02A9A1
:10954000304602F0EFFF4FF48063029303940494DB
:1095500002A9304602F0E6FF0A480B4B0360456063
:109560008460C46004610C2343618461C46103F0BE
:109570001DFA00B1FEE706B070BD00BF001002404A
:1095800000080140780A00200038014010B5044668
:10959000F9F79CF94FF47A7382B22146014803F03F
:1095A00035FA10BD780A00200FB400B5A3B024AB83
:1095B00053F8042B0193802102A8FAF701FC00283C
:1095C00009DD802800D980204FF47A7382B202A985
:1095D000034803F01BFA23B05DF804EB04B07047B6
:1095E000780A00200EB410B5ADF2E47D04460DF209
:1095F000EC7353F8042B03934FF47A71FEA8FAF737
:10960000DFFB002805DC0DF2E47DBDE8104003B06F
:109610007047FEAB00932346094A4FF47A7104A8C1
:10962000F9F7D2F8B0F57A7F01DD4FF47A704FF494
:109630007A7382B204A9034803F0E8F9E3E700BFB4
:10964000DCCE0008780A002000B589B0224B9A6968
:1096500042F400629A619B6903F400630193019BE9
:1096600000230493059306930793029303931B48E7
:109670001B4A02601B4A12681B49A1FB0212920C92
:10968000013A426083604FF6FE72C260036143613B
:10969000836101F089FCA8B94FF48053049304A9B5
:1096A0000E4801F0B9FC80B900230293039302A98C
:1096B0000A4801F031FD58B9084801F009FC09B029
:1096C0005DF804FB00F06DFBE6E700F06AFBEBE7FA
:1096D00000F067FBF0E700BF00100240C00A002066
:1096E000002C01401C0A002083DE1B43034B1A6838
:1096F00000235362536A8342FCD37047C00A0020A0
:1097000010B504E04FF47A70FFF7F0FF2046441ED6
:109710000028F7D110BD000084B0174B984207D045
:10972000164B984210D0164B984219D004B070478F
:1097300003F584339A6942F004029A619B6903F04D
:1097400004030193019BF1E703F582339A6942F028
:1097500008029A619B6903F008030293029BE5E704
:1097600003F580339A6942F010029A619B6903F015
:1097700010030393039BD9E700080140000C01404C
:109780000010014008B50A468188006802F0E3FF36
:1097900008BD00B585B000230093019302930393A5
:1097A0008388009351B901230293032303936946ED
:1097B000006802F0B7FE05B05DF804FB11230193C9
:1097C00003230393F3E708B58188006802F0BCFF28
:1097D00008BD38B504460121FFF7DBFF0021204614
:1097E000FFF7D0FF4FF49660FFF780FF002120467F
:1097F000FFF7CFFF2820FFF779FF2046FFF7E3FFB1
:1098000038B100252046FFF7DEFF0028FAD12846B0
:1098100038BD5A20FFF76AFF2046FFF7D4FF20B17A
:1098200001253220FFF762FFECE7FF25F9E770B56D
:10983000044600252E460CE0C5F1070201239340A3
:109840003343DEB22046FFF7BEFF0028FAD10135D0
:10985000EDB2072D13D82046FFF7B5FF0028FAD048
:109860002820FFF743FF2046FFF7ADFF0028E3D194
:10987000C5F107020123934026EA0306E2E73046DA
:1098800070BD000070B50446FFF7A3FF08B90020C3
:1098900070BD2046FFF7CBFFA0712046FFF7C7FF42
:1098A000E0712046FFF7C3FF20722046FFF7BFFF9D
:1098B00060722046FFF7BBFF82B26281A679E5792C
:1098C0007319207A0344617A0B44DBB29A4201D0C7
:1098D0000120DDE741EA0020F7F7FEFD0022094BF9
:1098E000F7F78EFFF8F712F9E06045EA0620F7F780
:1098F000F3FD0022034BF7F783FFF8F707F9206128
:109900000120C5E70000244070B504460D46164608
:109910000846FFF701FF2560A680024B63612046E1
:1099200070BD00BF8598000810B58AB01F4B9A69BA
:1099300042F008029A619A6902F008020192019AC3
:109940009A6942F480629A619B6903F4806302938E
:10995000029B00240694079408940994022306931A
:109960000323079306A9124802F0DCFD1148124BAD
:1099700003608460047304754FF46023C361446022
:109980000123036101F04CFE08B10AB010BD03943D
:109990000494059409230393012304930723059357
:1099A00003A9044801F0B6FCEFE700BF0010024035
:1099B000000C0140080B002000280140A0B3F8B5BE
:1099C000074600250024B5F57A7F1BDA194801F017
:1099D00087FD58BB6421174801F0D6FB40BB154EEC
:1099E000304601F093FCF8F797F901462046F8F766
:1099F000E3F80446304601F097FE022001F0FAFE3B
:109A00000135E0E70C492046F8F792FAF8F7C8FB71
:109A1000F8F782F90949F8F7D7F94FF06651F8F7E6
:109A2000D3F93860012002E0002070470020F8BD23
:109A30000020FCE7080B002000007A443333534039
:109A400070B582B0A8B105460023019301A8FFF7C5
:109A5000B5FF044601280ED1019E00213046F8F7DB
:109A600051FB20B93046F6F797FB287005E0002639
:109A7000F8E7002401E04FF0FF34204602B070BD4B
:109A80000278407840EA022070470B0A0370417068
:109A9000704730B108B501B102B908BDF8F76AFDE9
:109AA000FBE77047F8B138B514460546EAB10B2913
:109AB00001D8002038BD137800F8013B5188FFF72A
:109AC000E4FF6368C5F803302389A5F8073061898E
:109AD00005F10900FFF7D9FF217B05F10B00FFF726
:109AE000D4FF0C20E6E7002070470020E2E70000EA
:109AF000A0B110B58C461946044680F800C04280DB
:109B000004304BB10622FFF7C4FFBDF80830638173
:109B10009DF80C30237310BD0149F3E7704700BF77
:109B2000E4CE000830B587B004460D4611461A460B
:109B30009DF830300193BDF82C3000930A9B02A8A9
:109B4000FFF7D6FF02AA29462046FFF7ABFF07B072
:109B500030BD10B584B09DF81C400294BDF818408B
:109B60000194009313460122FFF7DCFF04B010BDFF
:109B7000E0B138B514460546D2B10B2901D8002012
:109B800038BD10F8013B1370FFF77AFF6080D5F8FD
:109B900003306360B5F80730238105F10900FFF752
:109BA0006FFF6081EB7A23730120E9E700207047A3
:109BB0000020E5E7F8B5BDF8207038B31C4606462E
:109BC00033B307F10C05ADB28D4202D9002528460A
:109BD000F8BD032300F8013B1146FFF756FF236849
:109BE000C6F80330A388A6F80730BDF8181006F1B0
:109BF0000900FFF74AFF0023F372002FE7D03A462F
:109C0000079906F10C00F8F7B5FCE0E70025DEE760
:109C10000025DCE70B0A0370417070470B0E0370E0
:109C2000C1F307434370C1F307238370C1707047CA
:109C300008B5FFF7F3FF08BD132901D800207047CE
:109C400038B504460F4DE968FFF7F2FF2969201D7A
:109C5000FFF7EEFF0C4B196804F10800FFF7E8FF6F
:109C60000A4B1B7823730A4DB5F8681004F10D00F8
:109C7000FFF7D0FFB5F86A1004F10F00FFF7CAFF35
:109C8000112038BD380B0020580B0020EC0B0020B1
:109C90005C0B002030B589B01A4B9A6942F0100273
:109CA0009A619A6902F010020192019A9A6942F04F
:109CB00020029A619A6902F020020292029A9A693D
:109CC00042F004029A619B6903F004030393039B2F
:109CD000002404940594069407940B4D22464FF4F7
:109CE0000051284602F037FD4FF40053049301233E
:109CF000059306940223079304A9284602F012FC58
:109D000009B030BD00100240001001402DE9F04FB5
:109D100089B004461B4D284600F0F2FADFF868804F
:109D20004046FFF78DFE194E736930469847184F2D
:109D3000D7F88C3038469847D6F81090B7F868A016
:109D4000B7F86AB0F068F7F7D9FB06460F46CDF8CA
:109D500018B0CDF814A098F8003004932868F7F7ED
:109D6000CDFBCDE902014846F7F7C8FBCDE900017C
:109D700032463B4607492046F8F786FDC0B209B097
:109D8000BDE8F08F580B0020EC0B0020380B0020B2
:109D90005C0B0020ECCE000808B5F8F7BBFC80B2E5
:109DA00008BD72B6FEE700B591B02822002106A8D2
:109DB000F8F756FC00230193029303930493059351
:109DC000012206924FF4803307930A9202220D92E9
:109DD0000E934FF4E0130F9306A801F035FD80B900
:109DE0000F23019302210291002303934FF4806219
:109DF0000492059301A801F059FF20B911B05DF854
:109E000004FBFFF7CEFFFFF7CCFF0000F0B5ADF588
:109E10007F7D01F0CBFCFFF7C6FFFFF73BFFFFF7AD
:109E200013FC4FF4E130FFF767FBAA4B93E8030004
:109E3000FEAA02E90300FAAC083393E8030084E8C1
:109E40000300A548FFF7A2FBA448FFF79FFB94E897
:109E5000060008A800F01AFB902208A9A048F8F70D
:109E600089FBA048FFF792FB02229F4908A8FFF751
:109E70004BFD9E4C08AD0FCD0FC495E8030084E860
:109E800003009B48FFF782FB00F0CEF900F010FAC8
:109E90009848FFF77BFBFFF747FD08A800F084FD1B
:109EA000682208A9E0A8F8F765FB9349E0A8EB9BB6
:109EB00098470C21E0A8EC9B98479049E0A8ED9BBF
:109EC0009847E0A8F19B98470023DE93ADF87C33D8
:109ED00053E035A9E0A8F49B98478948FFF756FB63
:109EE00001F082FC04468748FFF750FBE0A8E99B9D
:109EF000984702E00A2001F07DFC01F075FC031B8D
:109F000041F2873293422AD8E0A8F69B984700286E
:109F1000F0D04FF480729EA9E0A8F59B98470B28DB
:109F2000E8DD2DAA81B29EA8FFF722FE0646002892
:109F3000E0D09DF8B430022BDCD1BDF8B62040F261
:109F400011139A42D6D1BDF8BE30AB42D2D19DF8A2
:109F5000C030002BCED06C48FFF718FB00E0002685
:109F60006A48FFF713FB06BB6948FFF70FFBC5F311
:109F7000090000F5FA7001F03DFCFFF70DFF054602
:109F8000002301930090634B40F21112202135A869
:109F9000FFF7DFFD024600289BD15F48FFF7F6FA86
:109FA0004FF4FA6001F026FCE7E72EAB93E80300DC
:109FB000DE90ADF87C139DF8C0309DF878239DF8B5
:109FC00079139DF87A039DF87B439DF87C639DF897
:109FD0007D73069705960494039002910192009375
:109FE000BDF8BE30BDF8B6204C494DA8F8F74CFC82
:109FF0004DA8FFF7CBFA65A8FFF788FE3DAF4021DB
:10A000003846FFF719FE0446FFF7C6FE06460294DF
:10A0100001970090DEAB40F2111280217EA8FFF77D
:10A02000C9FD02467EA9E0A8F49B98473C48FFF78B
:10A03000ADFA01F0D9FB04463248FFF7A7FAE0A8D1
:10A04000E99B984702E00A2001F0D4FB01F0CCFB29
:10A05000001B41F28733984232D8E0A8F69B98471C
:10A060000028F0D04FF480729EA9E0A8F59B984795
:10A070000B28E8DD31AA81B29EA8FFF779FD002800
:10A08000E1D09DF8C430042BDDD1BDF8C62040F2EC
:10A0900011139A42D7D1BDF8CE30B342D3D19DF837
:10A0A000D030002BCFD01F48FFF770FA4FF400518B
:10A0B0001D4802F056FB4FF4FA6001F09BFB5CE791
:10A0C0001A48FFF763FAC5F3090000F5FA7001F0CA
:10A0D00091FB52E728CC000830CF000840CF0008A1
:10A0E0005C0B00204CCF000800080140380B00201A
:10A0F00058CF000864CF0008400ECF1948E801008F
:10A1000088CF00089CCF0008ACCF0008BCCF000867
:10A1100060D00008500B002070CF0008CCCF0008A2
:10A120001CD0000830D000080010014044D00008C6
:10A1300070B506460024092C16DC104D284601F0A7
:10A14000CFF96421284601F01FF8A8B9284601F08C
:10A15000DDF8336803443360284601F0E5FA052052
:10A1600001F048FB0134E6E73368054AA2FB03230C
:10A17000DB083360012070BD0020FCE7F40B0020F9
:10A18000CDCCCCCC0000000030B583B00546002318
:10A19000019301A8FFF7CCFF04460198F7F78CF96B
:10A1A00007A3D3E90023F7F701FA07A3D3E90023B4
:10A1B000F7F726FBF7F7AAFC2860204603B030BD6E
:10A1C0006666666666660A400000000000FEAF40F4
:10A1D00070B582B005460023019301A8FFF7D4FFB4
:10A1E0000446019E3146054B1868F7F7E3FC3146FB
:10A1F000F7F79EFE2860204602B070BDB40900202B
:10A2000030B583B005460023019301A8FFF7E0FFB6
:10A21000044604490198F7F7D7FD2860204603B0AB
:10A2200030BD00BF0000204170B58AB01C4B9A6958
:10A2300042F004029A619A6902F004020192019AC2
:10A240009A6942F400729A619B6903F40073029365
:10A25000029B00240694079408940994012606960C
:10A260000323079306A90F4802F05CF90E4D0F4B2C
:10A270002B60AC602C732C754FF46023EB616C6029
:10A280002E61284601F0CCF90394049405940496B9
:10A290000723059303A9284601F03CF80AB070BDD6
:10A2A0000010024000080140F40B0020002401408F
:10A2B00010B582B00023019300240F2C14DC4FF45E
:10A2C0007A70FFF71DFA01A8FFF79AFF034660B105
:10A2D00007490198F7F72CFE064B186021460648FF
:10A2E000FFF762F90134E8E70123184602B010BD18
:10A2F0000000A040F00B00207CD00008000000000F
:10A3000030B583B005460023019301A8FFF778FF1D
:10A3100004460D4B19680198F7F70AFEF7F7EEF8B7
:10A3200007A3D3E90023F5F769FF0022074BF7F7EE
:10A330003DF9F7F7EBFB2860204603B030BD00BFC6
:10A340006891ED7C3F35F8BFF00B002000005940CC
:10A3500008B5436D4FF47A729847012801D04FF049
:10A36000FF3008BDB0F868007047B0F86A00704769
:10A3700008B5436D1E2203499847012801D04FF0CC
:10A38000FF3008BDF809002008B5436D1E220349BF
:10A390009847012801D04FF0FF3008BDD8090020B0
:10A3A00070B584B00546436D4FF47A7235499847CD
:10A3B000012862D106460024092C12DD4FF0FF3639
:10A3C0005DE09DF80330AA2B19D00AE09DF8033018
:10A3D000C02B14D0002404E09DF80D30AB2B1AD014
:10A3E00000242B6E284698470028E5DD6B6E0DF1A2
:10A3F000030128469847002CE3D0012CE6D0611CCD
:10A4000004F110036B449DF8032003F80C2C092C75
:10A41000E2D00C46E5E70222002307E002F110013A
:10A42000694411F80C1C0B44DBB20132072AF5DD3C
:10A430009DF80C209A4201D00024D2E701AB03CB57
:10A44000E86629671B88A5F874309DF806209DF8FA
:10A45000073042EA03229DF808309DF8091043EACC
:10A4600001230949A1FB0202D208A5F86820A1FB3B
:10A470000323DB08A5F86A3001E04FF0FF363046D1
:10A4800004B070BDB8090020CDCCCCCC10B5C0B0A4
:10A4900004461AAB83E8060093E80600684600F01D
:10A4A000FDFB682269461CA8F8F764F80B4B3A9349
:10A4B0000B4B3B930B4B3C930B4B3D930B4B3E9306
:10A4C0000B4B3F931CA8FFF753FF90221CA920467B
:10A4D000F8F750F8204640B010BD00BF51A3000867
:10A4E00065A300086BA3000871A3000889A30008F6
:10A4F000A1A30008FEE7FEE7FEE7FEE7FEE77047E0
:10A500007047704708B501F063F908BD10B5002326
:10A5100043608468C3681D20984700F0FE011D2039
:10A52000A04710BD70B504460D4601234360866800
:10A53000C3681D20984740F00101C9B21D20B047F3
:10A54000A368E9B22220984770BD08B583688121CD
:10A550000120984708BD08B58368802101209847ED
:10A5600008BD08B5836885210120984708BD08B556
:10A57000012903D9112902D9112100E002218368A0
:10A58000023949B261F07F01C9B20920984708BD7C
:10A5900038B5044601600B4A0023C8044913F7F795
:10A5A0001FFE0546A368C0F3074106209847A3682D
:10A5B000C5F3072107209847A368E9B20820984708
:10A5C00038BD00BF0048E80170B50446052905D92B
:10A5D0000D460C2917D8062916D100E00625A368D8
:10A5E000C52131209847A3680C2137209847A668D9
:10A5F000E3681E20984700F00F0141EA0511C9B237
:10A600001E20B04770BD0C25A368C3213120984798
:10A61000A3680A2137209847E9E7000038B541F6DA
:10A62000786399421FDD42F6A003994227DD43F685
:10A63000F043994225DD45F24013994223DD47F668
:10A640001223994221DD4AF2E42399421FDD4FF2A1
:10A65000244399421DDD124B99421CDD114B994256
:10A660001BDC082500E000258468C3681D2098478E
:10A6700000F00F0141EA05111D20A04738BD01255A
:10A68000F2E70225F0E70325EEE70425ECE70525D0
:10A69000EAE70625E8E70725E6E70925E4E700BF3E
:10A6A00048E8010090D0030038B5042903D90829EF
:10A6B00002D9082100E005210C1F8568C3681D2010
:10A6C000984741B221F00E0141EA4401C9B21D2070
:10A6D000A84738BD38B504460D46836800212020C0
:10A6E0009847A36829462120984738BD08B5836854
:10A6F000C9B23920984708BD10B58468C3681E20C8
:10A70000984740F00401C9B21E20A04710BD10B503
:10A710008468C3681E20984700F0FB011E20A047F4
:10A7200010BD2DE9F04106460C469046C368122044
:10A7300098470546B36801461220984715F0400F28
:10A7400027D015F0200F26D1736893B1F36822202B
:10A7500098470746F36930469847B568F368102074
:10A76000984701460D20A847474500D94746002590
:10A770000AE0F368132098470746EBE7F3680020E8
:10A78000984704F8010B0135BD42F7D33846BDE8C0
:10A79000F0810027FAE70027F8E708B5C368122020
:10A7A000984710F0400F01D1002008BD0120FCE7C0
:10A7B00010B50446C3681A2098472268034B9A4292
:10A7C00002DCA423C01A10BD9D23FBE7FFA0BC330D
:10A7D00038B505460D48FEF7E7FE002400E00134D9
:10A7E0003F2C0EDCEB68E0B2984701460848FEF7C4
:10A7F000DBFE04F00F030F2BF1D10648FEF7D4FE69
:10A80000EDE70448FEF7D0FE38BD00BF90D0000849
:10A81000C4D0000878D00008F8B506460C461746A4
:10A82000C3699847B36800210D209847002505E0CB
:10A83000B36814F8011B002098470135BD42F7D3D7
:10A84000B368F9B222209847B36883210120984762
:10A8500002E00220FEF754FFF3681220984710F040
:10A86000080FF6D0B368082112209847F8BD000001
:10A8700010B5094C00221146204601F06CFF012062
:10A88000FEF73EFF01220021204601F064FF0A206E
:10A89000FEF736FF10BD00BF000C014070B5044646
:10A8A000154D16492846FEF79DFE23699847236AF1
:10A8B00020469847A36800210F209847A3680021ED
:10A8C0000E209847A668E3680C20984740F00301E3
:10A8D000C9B20C20B047A368042126209847A36A78
:10A8E000112120469847E3692046984704492846A5
:10A8F000FEF778FE70BD00BFE0D00008CCD00008A5
:10A90000E8D0000810B584B000F07F008DF80C008E
:10A9100000228DF80D20ADF808200B4C10212046A8
:10A9200001F019FF64230093022302AA03A9074838
:10A9300001F0CEFC01221021204601F00CFF9DF811
:10A94000090004B010BD00BF00080140240C002025
:10A9500070B504460D460A4E00221021304601F023
:10A96000FAFE0120FEF7CCFE6423AAB22146054878
:10A9700001F0CCFB01221021304601F0ECFE70BD4D
:10A9800000080140240C002000B583B060F07F0077
:10A990008DF804008DF80510022101A8FFF7D8FFFB
:10A9A00003B05DF804FB00002DE9F043A3B00646B8
:10A9B000534B9A6942F480529A619A6902F4805228
:10A9C0000192019A9A6942F004029A619A6902F02E
:10A9D00004020292029A9A6942F008029A619B6903
:10A9E00003F008030393039B00241E941F942094F8
:10A9F0002194A0231E9302231F934FF00308CDF848
:10AA00008480404F1EA9384601F08CFD40231E93E0
:10AA10001F9420941EA9384601F084FD4FF01009C0
:10AA2000CDF8789001251F95CDF884801EA9384671
:10AA300001F078FD2A464946384601F08CFE1E9406
:10AA40001F95CDF8848007F580671EA9384601F070
:10AA500069FD2A462146384601F07DFE2A482B4BE7
:10AA600003604FF4827343608460C4600461446196
:10AA70004FF4007383611823C361046244628462EB
:10AA800001F0E9FA0595224B0693224B0793224BDE
:10AA90000893224B0993224B0A93224B0B93224B90
:10AAA0000C93224B0D93224B0E93224B0F93224B70
:10AAB0001093224B1193224B1293224B1393224B50
:10AAC0001493224B1593224B1693224B1793224B30
:10AAD0001893224B1993224B1A93224B1B93224B10
:10AAE0001D930DEB0900FFF7D9FE68220DEB09015C
:10AAF0003046F7F73FFD304623B0BDE8F08300BF96
:10AB00000010024000080140240C002000300140E9
:10AB100089A9000805A9000871A800080DA500086A
:10AB200025A500084BA5000857A5000863A5000847
:10AB30006FA5000891A50008C9A500081DA600087A
:10AB4000A9A60008D5A60008EDA60008F9A60008E9
:10AB50000FA700089DA8000819A8000823A700084F
:10AB60009BA70008B1A70008D1A70008022807D0BA
:10AB7000032807D0012801D0002070470248704701
:10AB800002487047024870470038014000440040C6
:10AB90000048004003681A6812F0800FFAD059602C
:10ABA00003681B6813F0400FFAD0704738B50546AC
:10ABB0000C4603E001342846FFF7ECFF217800291A
:10ABC000F8D138BD03681A6812F0200FFAD058681F
:10ABD000C0B27047F8B571B1064615460F4662B16E
:10ABE000002404E03046FFF7EDFF38550134AC4255
:10ABF000F8D32046F8BD0024FBE71446F9E70368C4
:10AC00001868C0F34010704708B56423012201F0B2
:10AC100063FF40B208BDF8B505460F4616464FF033
:10AC2000000C03E00120FEF761FDA4462B681C68C0
:10AC300014F0800F0AD10CF101044FF47A7306FB73
:10AC400003F36345EED24FF0FF30F8BD5F600022A2
:10AC50002B681B6813F0400F0BD1541C4FF47A7310
:10AC600006FB03F3934206D30120FEF73FFD224685
:10AC7000EEE70120E9E74FF0FF30E6E770B5064662
:10AC80000C461546217839B101342A463046FFF783
:10AC9000C2FF0128F6D000E0012070BDF0B5A7B0DA
:10ACA00004466B4683E806009DF80050022D5BD0F9
:10ACB000032D00F08580012D28D02846FFF756FF90
:10ACC0000C90019B0D9300230E930F9310930C2275
:10ACD0001192129313930CA801F068FE4F4B1E9330
:10ACE0004F4B1F934F4B20934F4B21934F4B22932E
:10ACF0004F4B24934F4B23934F4B259368220CA922
:10AD00002046F7F737FC204627B0F0BD4B4B9A6939
:10AD100042F480429A619A6902F480420292029A55
:10AD20009A6942F004029A619B6903F00403039359
:10AD3000039B0026089609960A960B964FF400731B
:10AD400008930223099303230B933D4F08A9384628
:10AD500001F0E8FB4FF48063089309960A9608A96E
:10AD6000384601F0DFFBA8E7344BDA6942F40032E1
:10AD7000DA61DA6902F400320492049A9A6942F0C4
:10AD800004029A619B6903F004030593059B002666
:10AD9000089609960A960B960423089302230993B2
:10ADA00003230B93264F08A9384601F0BBFB082369
:10ADB000089309960A9608A9384601F0B3FB7CE788
:10ADC0001E4BDA6942F48022DA61DA6902F48022E9
:10ADD0000692069A9A6942F008029A619B6903F00A
:10ADE00008030793079B0026089609960A960B9678
:10ADF0004FF4806308930223099303230B93114FAD
:10AE000008A9384601F08EFB4FF4006308930996B9
:10AE10000A9608A9384601F085FB4EE795AB000875
:10AE200017AC0008ADAB00087DAC0008C5AB00084E
:10AE3000FFAB0008D5AB000809AC000800100240C9
:10AE400000080140000C014010B4036A046A24F0B9
:10AE500001040462094CA0420BD0846924F0F00C78
:10AE60004CEA021223F00A0319438261016210BC0A
:10AE70007047046A24F004040462EEE7002C0140E9
:10AE800010B4036A046A24F0100404620A4CA0425D
:10AE90000CD0846924F4704C4CEA023223F0A003F5
:10AEA00043EA01118261016210BC7047046A24F018
:10AEB00040040462EDE700BF002C0140836823F0EA
:10AEC00070030B4343F00703836070477047000033
:10AED00090F83D30DBB2012B22D1022380F83D30C7
:10AEE0000368114A934210D0B3F1804F0DD0A2F500
:10AEF0009432934209D002F58062934205D01A68D9
:10AF000042F001021A60002070479A6802F00702BE
:10AF1000062A07D01A6842F001021A600020704722
:10AF20000120704700207047002C014003681D4A33
:10AF300090420AD0B0F1804F07D0A2F594329042EF
:10AF400003D002F58062904203D123F070034A6877
:10AF50001343144A90420AD0B0F1804F07D0A2F5B3
:10AF60009432904203D002F58062904203D123F4E0
:10AF70004073CA68134323F080034A6913438A6805
:10AF8000C2620A688262074A904207D0026842F0B1
:10AF90000402026001224261036070470A69026391
:10AFA000F4E700BF002C014040B310B5044690F810
:10AFB0003D30F3B1022384F83D30214651F8040BB3
:10AFC000FFF7B4FF012384F8463084F83E3084F85C
:10AFD0003F3084F8403084F8413084F8423084F8BF
:10AFE000433084F8443084F8453084F83D30002004
:10AFF00010BD80F83C30FFF769FFDBE701207047A8
:10B0000010B4846824F47F4C42EA03220A4342EAE3
:10B010000C02826010BC704790F83C30012B78D055
:10B0200010B50446012380F83C30022380F83D30FF
:10B030000268936823F47F4323F0770393600B68DF
:10B04000602B4CD029D8402B54D00CD9502B22D176
:10B05000CA6849680068FFF7F7FE50212068FFF7CB
:10B060002DFF002005E0202B0DD009D9302B0AD070
:10B070000120012384F83D30002384F83C3010BDCA
:10B080000BB1102B05D119462068FFF717FF0020E0
:10B09000EFE70120EDE70120EBE7B3F5805F34D067
:10B0A000B3F5005F0CD1CB684A6889680068FFF788
:10B0B000A7FF2268936843F4804393600020D8E799
:10B0C000702B24D1CB684A6889680068FFF798FF25
:10B0D0002268936843F0770393600020C9E7CA6849
:10B0E00049680068FFF7CCFE60212068FFF7E6FEA4
:10B0F0000020BEE7CA6849680068FFF7A5FE402146
:10B100002068FFF7DBFE0020B3E70020B1E7012055
:10B11000AFE702207047000090F83C30012B2CD0A4
:10B1200010B4012380F83C30022380F83D300368DE
:10B130005A689C6822F0700C0A6842EA0C025A6055
:10B1400003680F4A93420AD0B3F1804F07D0A2F5AB
:10B150009432934203D002F58062934204D124F0EA
:10B1600080044A6814439C60012380F83D3000232A
:10B1700080F83C30184610BC70470220704700BF72
:10B18000002C014070470000F0B583B005460C4626
:10B190000023019300F028FB2B689A6812F4807F4B
:10B1A00023D107465A6812F4807F03D1DB6A13F477
:10B1B000700F29D0504B1E68022000F053FEB6FBE2
:10B1C000F0F62B6819694D4A114236D1D96802F15F
:10B1D0005C42114231D11969494A114240D1DA68C1
:10B1E000484B1A423ED0292041E0AB6A43F020038D
:10B1F000AB62002385F82430012003B0F0BD2B683A
:10B200001B6813F0020F0FD02B681B6813F0020F9E
:10B210004FD1B4F1FF3FF7D0002CF0D000F0E4FAAA
:10B22000C31BA342F0D9EAE7AB6A43F00403AB6265
:10B23000002385F824300320DFE71969304A1142E2
:10B2400004D1D96802F16E4211420DD019692E4A1B
:10B250000A405AB9DA682C4B13405BB1FC2006E077
:10B26000292004E0142002E0542000E0FC2000FB30
:10B2700006F607E05420FAE7019BB34210D3019B86
:10B2800001330193019BB34213D2B4F1FF3FF6D0D7
:10B29000002CF1D000F0A8FAC01BA042EFD9EBE7D8
:10B2A000AB6A43F00403AB62002385F8243003202B
:10B2B000A3E72B686FF012021A60AB6A43F40073C5
:10B2C000AB622B689B6803F46023B3F5602F01D059
:10B2D000002092E7287B60B9AB6A23F48073AB62ED
:10B2E000AB6A13F4805F88D1AB6A43F00103AB62B1
:10B2F00083E7002081E700BF1C0A00202449922434
:10B300009224491292244900499224000368D86C7F
:10B310007047000030B482B00022019290F82420DF
:10B32000012A00F091800346012280F824204A6817
:10B33000062A2DD80468606B02EB8202053A4FF0B2
:10B340001F0C0CFA02FC20EA0C000D6805FA02F250
:10B35000024362630A68092A3AD91C68E06802EB72
:10B3600042021E3A4FF0070C0CFA02FC20EA0C00D5
:10B370008D6805FA02F20243E2600A68103A012A77
:10B3800036D90020002283F8242002B030BC704758
:10B390000C2A0ED80568286B02EB8202233A1F2480
:10B3A000944020EA04000C6804FA02F202432A6383
:10B3B000D0E70568E86A02EB8202413A1F24944014
:10B3C00020EA04000C6804FA02F20243EA62C1E7D0
:10B3D0001C68206902EB42024FF0070C0CFA02FCD9
:10B3E00020EA0C008D6805FA02F202432261C4E7EC
:10B3F0001A681648824205D09A6A42F020029A6280
:10B400000120BFE7906810F4000F1BD1906840F452
:10B41000000090600A68102A01D00020B2E70C4AB0
:10B4200012680C49A1FB0212920C02EB820252003C
:10B43000019202E0019A013A0192019A002AF9D19F
:10B4400000209FE700209DE702209EE700240140A6
:10B450001C0A002083DE1B4330B583B00023019318
:10B4600003689A6812F0010F33D104469A6842F0DB
:10B4700001029A60184B1B68184AA2FB03239B0C1D
:10B48000019302E0019B013B0193019B002BF9D149
:10B4900000F0AAF9054623689B6813F0010F16D146
:10B4A00000F0A2F9431B022BF5D923689B6813F027
:10B4B000010FF0D1A36A43F01003A362E36A43F0E3
:10B4C0000103E362002384F82430012002E000201D
:10B4D00000E0002003B030BD1C0A002083DE1B43C7
:10B4E00090F82430012B68D010B50446012380F871
:10B4F0002430FFF7B1FF00285BD1A36A23F4407327
:10B5000023F0010343F48073A36223682C4A93421F
:10B5100027D0A26A22F48012A2625A6812F4806FC5
:10B5200005D0A26A22F4405242F48052A262A26A7A
:10B5300012F4805F2BD0E26A22F00602E26200225F
:10B5400084F824206FF002021A6023689A6802F4DB
:10B550006022B2F5602F1DD09A6842F480129A6082
:10B560002AE0A2F58062526812F4702FD1D0A26A4C
:10B5700042F48012A262134A526812F4806FD6D04D
:10B58000A26A22F4405242F48052A262CFE7002223
:10B59000E262D4E70A4A934204D09A6842F4A002D5
:10B5A0009A6009E0A2F58062526812F4702FD3D13C
:10B5B000F3E7002384F8243010BD0220704700BF59
:10B5C000002801400024014038B503689A6812F051
:10B5D000010F01D1002038BD04469A6822F0010213
:10B5E0009A6000F001F9054623689B6813F0010F8B
:10B5F00013D000F0F9F8431B022BF5D923689B68A0
:10B6000013F0010FF0D0A36A43F01003A362E36AC2
:10B6100043F00103E3620120DDE70020DBE70000E7
:10B6200000287BD070B50446836A002B4DD020469D
:10B63000FFF7CAFFA36A13F0100369D1002867D18E
:10B64000A26A22F4885222F0020242F00202A262AE
:10B650006268E1690A43217B42EA4102A568B5F5C7
:10B66000807F02D0012D36D01D46267D012E35D09B
:10B670002668716821F46941294371602568AE68C4
:10B68000274931401143A960A168B1F5807F01D0FD
:10B69000012902D12369013B1B052568E96A21F4D0
:10B6A00070010B43EB62236899681E4B0B409A4272
:10B6B00025D0A36A23F0120343F01003A362E36AC8
:10B6C00043F00103E362012027E0C36280F82430E5
:10B6D000FFF758FDABE74FF48075C6E731B9A169B4
:10B6E000013945EA413141F40065C1E7A16A41F001
:10B6F0002001A162E16A41F00101E162B8E70023A3
:10B70000E362A36A23F0030343F00103A36204E0AE
:10B71000A36A43F01003A362012070BD01207047AB
:10B72000FDF7E1FFFE0E1FFF90F82430012B13D030
:10B7300010B50446012380F82430FFF745FF38B9DF
:10B74000A36A23F4885323F0010343F00103A362A7
:10B75000002384F8243010BD022070477047000099
:10B7600010B504460E4B18784FF47A73B3FBF0F320
:10B770000C4A1068B0FBF3F001F046F868B90F2CE2
:10B7800001D901200AE0002221464FF0FF3001F0EC
:10B7900003F8054B1C60002000E0012010BD00BF35
:10B7A000160A00201C0A0020180A002008B5074AC3
:10B7B000136843F010031360032000F0DBFF0F2039
:10B7C000FFF7CEFFFFF7CAFF002008BD00200240B0
:10B7D000034A1168034B1B780B441360704700BF8A
:10B7E0007C0C0020160A0020014B1868704700BF2F
:10B7F0007C0C002038B50446FFF7F6FF0546B4F18F
:10B80000FF3F02D0044B1B781C44FFF7EDFF401BA9
:10B81000A042FAD338BD00BF160A002082B0084B00
:10B820001B68084AA2FB03235B0A00FB03F3019396
:10B8300000BF019B5A1E0192002BF9D102B0704744
:10B840001C0A0020D34D6210002800F0F18170B571
:10B8500082B00446036813F0010F2CD0994B5B684B
:10B8600003F00C03042B1DD0964B5B6803F00C0314
:10B87000082B12D06368B3F5803F41D0002B55D11F
:10B8800003F1804303F504331A6822F480321A600E
:10B890001A6822F480221A6037E08A4B5B6813F43E
:10B8A000803FE7D0874B1B6813F4003F03D06368E9
:10B8B000002B00F0BF81236813F0020F75D0814B7D
:10B8C0005B6813F00C0F5FD07E4B5B6803F00C03DA
:10B8D000082B54D02369002B00F08A807A4B012278
:10B8E0001A60FFF781FF0546764B1B6813F0020FC5
:10B8F00075D1FFF779FF401B0228F5D903209EE19F
:10B90000704A136843F480331360636843B3FFF7EE
:10B910006BFF05466B4B1B6813F4003FCBD1FFF761
:10B9200063FF401B6428F5D9032088E1B3F5A02FFD
:10B9300009D0644B1A6822F480321A601A6822F423
:10B9400080221A60E1E703F18043A3F53C331A68D3
:10B9500042F480221A601A6842F480321A60D4E7F6
:10B96000FFF742FF0546574B1B6813F4003FA2D078
:10B97000FFF73AFF401B6428F5D903205FE1514BE4
:10B980005B6813F4803FA5D14E4B1B6813F0020F88
:10B9900003D02369012B40F04F814A4A136823F0FA
:10B9A000F803616943EAC1031360236813F0080FC9
:10B9B00033D0A369002B5CD0434B0122C3F8802411
:10B9C000FFF712FF05463F4B5B6A13F0020F21D1D0
:10B9D000FFF70AFF401B0228F5D903202FE1394A5F
:10B9E000136823F0F803616943EAC1031360DCE7DD
:10B9F000354B00221A60FFF7F7FE0546314B1B68F6
:10BA000013F0020FD1D0FFF7EFFE401B0228F5D94B
:10BA1000032014E10120FFF701FF236813F0040F56
:10BA200000F09680274BDB6913F0805F34D1254B03
:10BA3000DA6942F08052DA61DB6903F080530193E6
:10BA4000019B0125214B1B6813F4807F26D0E368FE
:10BA5000012B3DD0002B53D103F1804303F5043378
:10BA60001A6A22F001021A621A6A22F004021A62A9
:10BA700033E0154B0022C3F88024FFF7B5FE0546DE
:10BA8000104B5B6A13F0020FC7D0FFF7ADFE401BEF
:10BA90000228F5D90320D2E00025D3E70B4A13682A
:10BAA00043F480731360FFF79FFE0646074B1B6845
:10BAB00013F4807FCBD1FFF797FE801B6428F5D964
:10BAC0000320BCE000100240000042420070004031
:10BAD0005F4A136A43F001031362E36833B3FFF76D
:10BAE00083FE06465A4B1B6A13F0020F2FD1FFF755
:10BAF0007BFE801B41F288339842F3D903209EE0FD
:10BB0000052B09D0524B1A6A22F001021A621A6AF6
:10BB100022F004021A62E0E74D4B1A6A42F0040276
:10BB20001A621A6A42F001021A62D6E7FFF75CFE57
:10BB30000646474B1B6A13F0020F08D0FFF754FE6E
:10BB4000801B41F288339842F3D9032077E0E5B9AE
:10BB5000E369002B72D03E4A526802F00C02082AB8
:10BB600056D0022B17D03B4B00221A66FFF73CFE43
:10BB70000446374B1B6813F0007F47D0FFF734FEB5
:10BB8000001B0228F5D9032059E0314AD36923F07C
:10BB90008053D361DCE72F4B00221A66FFF724FEA7
:10BBA00005462B4B1B6813F0007F06D0FFF71CFEE9
:10BBB000401B0228F5D9032041E0236AB3F5803FFA
:10BBC0001AD023494B6823F47413226A606A024333
:10BBD00013434B601F4B01221A66FFF705FE044614
:10BBE0001B4B1B6813F0007F0ED1FFF7FDFD001B00
:10BBF0000228F5D9032022E0154A536823F40033C4
:10BC0000A1680B435360DCE7002018E0002016E039
:10BC1000012B16D00E4B5B6803F48031226A9142EF
:10BC200011D103F47013626A93420ED1002006E032
:10BC300001207047012002E0012000E0002002B056
:10BC400070BD0120FBE70120F9E70120F7E700BF05
:10BC500000100240000042420F4B5B6803F00C02F0
:10BC6000082A01D00D487047C3F383420C49885C11
:10BC700013F4803F0BD0084B5B68C3F34043094A81
:10BC8000D35C064A02FB00F0B0FBF3F07047064BB2
:10BC900003FB00F0704700BF0010024000127A0062
:10BCA000FCD000080CD1000800093D00002800F07D
:10BCB000A08070B50D460446524B1B6803F0070385
:10BCC0008B420BD24F4A136823F007030B431360D8
:10BCD000136803F007038B4240F08D80236813F054
:10BCE000020F17D013F0040F04D0474A536843F4EF
:10BCF000E0635360236813F0080F04D0424A53688E
:10BD000043F460535360404A536823F0F003A16842
:10BD10000B435360236813F0010F31D06368012B8C
:10BD200020D0022B25D0384A126812F0020F64D0BE
:10BD300035494A6822F0030213434B60FFF754FD74
:10BD40000646314B5B6803F00C036268B3EB820F6D
:10BD500016D0FFF749FD801B41F288339842F0D995
:10BD6000032045E0284A126812F4003FE0D1012088
:10BD70003EE0254A126812F0007FD9D1012037E059
:10BD8000204B1B6803F00703AB420AD91D4A136816
:10BD900023F007032B431360136803F00703AB4240
:10BDA0002DD1236813F0040F06D0174A536823F4EB
:10BDB000E063E1680B435360236813F0080F07D07A
:10BDC000114A536823F46053216943EAC103536065
:10BDD000FFF742FF0C4B5B68C3F303130B4AD35CC2
:10BDE000D8400B4B18600B4B1868FFF7B9FC0020CC
:10BDF00070BD012070470120FAE70120F8E701201B
:10BE0000F6E700BF002002400010024024D10008E5
:10BE10001C0A0020180A0020014B1868704700BF58
:10BE20001C0A002008B5FFF7F7FF044B5B68C3F35B
:10BE30000223034AD35CD84008BD00BF0010024073
:10BE400034D1000808B5FFF7E7FF044B5B68C3F384
:10BE5000C223034AD35CD84008BD00BF0010024093
:10BE600034D1000808B502284ED0102803D001288C
:10BE700028D0002008BD2B4B5A68186810F080703D
:10BE8000F8D0C2F383432849C85C12F4803F15D030
:10BE9000244B5B68C3F34043244AD25C244BB3FB7E
:10BEA000F2F303FB00F01F4B5B6813F4800FE1D14A
:10BEB0004000204BA3FB00304008DBE71E4B03FB98
:10BEC00000F0F0E7174B1B6A40F202321A40B2F55D
:10BED000817F24D003F44073B3F5007F04D0B3F521
:10BEE000407F09D00020C5E70E4A526A12F0020FC7
:10BEF000F5D049F64040BDE70A4B186810F4003011
:10BF0000B8D04FF22440B5E7FFF79CFF054B5B68C4
:10BF1000C3F3813301335B00B0FBF3F0AAE74FF4C6
:10BF20000040A7E70010024010D1000820D100080F
:10BF300000127A00ABAAAAAA00093D002DE9F04739
:10BF400082B00546884617461E46FFF74DFC0A9B01
:10BF50001B1A03EB0609FFF747FC82462B4B1B68B5
:10BF6000C3F3CB3309FB03F301932B689C6838EAD6
:10BF700004030CBF4FF0010C4FF0000CBC4540D047
:10BF8000B6F1FF3FF1D0FFF72FFCA0EB0A004845C8
:10BF90000AD2B9F1000F07D0019A02B14A46019BBB
:10BFA000013B01939146E0E72A68536823F0E003E0
:10BFB00053606B68B3F5827F0BD0AB6AB3F5005F5B
:10BFC00014D0012385F85130002385F85030032028
:10BFD00018E0AB68B3F5004F02D0B3F5806FECD139
:10BFE0002A68136823F040031360E6E72A681368A1
:10BFF00023F4005313602A68136843F4005313605A
:10C00000DFE7002002B0BDE8F08700BF1C0A002077
:10C0100070B582B006460C46154600920B460122CA
:10C020000221FFF78BFF48B90095234600228021AB
:10C030003046FFF783FF38B902B070BD736D43F02F
:10C04000200373650320F7E7736D43F020037365E6
:10C050000320F1E77047002856D010B50446436A24
:10C0600033B94368B3F5827F05D00023C36102E092
:10C070000023036143610023A36294F85130002B35
:10C080003CD0022384F851302268136823F0400327
:10C090001360636803F48273A26802F404421343DA
:10C0A000E26802F400621343226902F002021343C1
:10C0B000626902F001021343A26902F400721343A1
:10C0C000E26902F038021343226A02F0800213434D
:10C0D000A26A02F40052216813430B60638B22684A
:10C0E00003F0040353602268D36923F40063D3612F
:10C0F00000206065012384F8513010BD84F8503071
:10C100002046FFF7A7FFBCE7012070472DE9F04369
:10C1100083B00446894690461D46FFF765FB94F8B8
:10C120005160F6B2012E40F0CC800746B9F1000F05
:10C1300000F0C880B8F1000F00F0C48094F85030CF
:10C14000012B00F0C380012384F85030032384F8CE
:10C15000513000236365C4F83090A4F83480A4F80B
:10C160003680A363A387E38763642364A368B3F57E
:10C17000004F1ED023681A6812F0400F03D11A68CE
:10C1800042F040021A60E368B3F5006F1CD06368A8
:10C1900013B1B8F1010F5FD1226B236812781A73C3
:10C1A000236B01332363E38E9BB2013B9BB2E38697
:10C1B00052E02268136823F040031360226813687A
:10C1C00043F480431360D5E7636813B1B8F1010FFE
:10C1D00015D1226B23681288DA60236B0233236344
:10C1E000E38E9BB2013B9BB2E38608E0FFF7FCFACB
:10C1F000C01BA84202D3B5F1FF3F15D1A5B1E38E14
:10C200009BB2002B42D023689A6812F0020FEDD047
:10C21000226B1288DA60236B02332363E38E9BB2B6
:10C22000013B9BB2E386EAE7012384F85130002307
:10C2300084F85030032645E0226B12781A73236B82
:10C2400001332363B4F836C01FFA8CFC0CF1FF3CB9
:10C250001FFA8CFCA4F836C0E38E9BB2B3B12368FE
:10C260009A6812F0020FE7D1FFF7BEFAC01BA8428E
:10C2700002D3B5F1FF3F01D1002DEDD1012384F8A8
:10C280005130002384F8503003261BE03A462946FB
:10C290002046FFF7BDFE08B120236365A36833B9CC
:10C2A00001932368DA6801929B680193019B012343
:10C2B00084F85130002384F85030636D13B90026A0
:10C2C00000E00226304603B0BDE8F0830226F9E71D
:10C2D0002DE9F04383B00446884691461F460A9DE7
:10C2E000FFF782FA064694F85130DBB26268012B00
:10C2F0000AD0B2F5827F40F00581A268002A40F0A2
:10C300000581042B40F00481B8F1000F00F0028198
:10C31000B9F1000F00F00081002F00F0FF8094F8C9
:10C320005030012B00F0FC80012384F8503094F849
:10C330005130DBB2042B02D0052384F851300023A6
:10C340006365C4F83890E787A787C4F83080E7862C
:10C35000A7862364636423681A6812F0400F03D130
:10C360001A6842F040021A60E368B3F5006F11D01A
:10C3700063680BB1012F0BD1226B236812781A73FB
:10C38000236B01332363E38E9BB2013B9BB2E386B5
:10C39000012771E063680BB1012F0BD1226B236879
:10C3A0001288DA60236B02332363E38E9BB2013B76
:10C3B0009BB2E38601271BE023689A6812F0010F05
:10C3C0000ED0E28F92B25AB1DA68A36B1A80A36BD7
:10C3D0000233A363E38F9BB2013B9BB2E387012748
:10C3E000FFF702FA801BA84202D3B5F1FF3F1ED12E
:10C3F000E38E9BB21BB9E38F9BB2002B62D0236804
:10C400009A6812F0020FD7D0E28E92B2002AD3D0EF
:10C41000002FD1D0226B1288DA60236B02332363A2
:10C42000E38E9BB2013B9BB2E3860027C4E7012366
:10C4300084F85130002384F85030032063E02368EF
:10C440009A6812F0010F0ED0E28F92B25AB1DA68F8
:10C45000A36B1A70A36B0133A363E38F9BB2013B01
:10C460009BB2E3870127FFF7BFF9831BAB4202D3DF
:10C47000B5F1FF3F1ED1EDB1E38E9BB213B9E38F4F
:10C480009BB2FBB123689A6812F0020FD7D0E28EFC
:10C4900092B2002AD3D0002FD1D0226B12781A7317
:10C4A000236B01332363E38E9BB2013B9BB2E38694
:10C4B0000027C4E7012384F85130002384F850306A
:10C4C000032020E0324629462046FFF7A1FD90B91F
:10C4D000A36833B901932368DA6801929B680193DA
:10C4E000019B012384F85130002384F85030636DA0
:10C4F0004BB1012007E020236365002384F850300E
:10C50000012000E0022003B0BDE8F0830220FAE73A
:10C510000220F8E70120F6E70120F4E70120F2E726
:10C520000220F0E770B582B00024A446A6E0804D5A
:10C53000AA4210D007D97F4DAA420CD005F580350C
:10C54000AA4208D013E0A5F58015AA4203D005F54C
:10C550007025AA4207D18A68002A58D0012A51D0F2
:10C560004361082403E0A5F58015AA42F3D0BEF18B
:10C57000FF0F4ED80646BEF1FF0F4CD84FEA8C0293
:10C5800033680F25954023EA050304FA02F21343AA
:10C5900033604B6813F0805F6ED0674B9A6942F04E
:10C5A00001029A619B6903F001030193019B4FEA29
:10C5B0009C02951C614B53F825600CF003039D0011
:10C5C0000F23AB4026EA03065D4B984229D003F5C2
:10C5D0008063984200F08E8003F58063984200F0FB
:10C5E0008B8003F58063984219D004231AE0CC684D
:10C5F000BDE7CC680434BAE7CC680834B7E7CC6848
:10C600000C34B4E703610824B1E70024AFE7042445
:10C61000ADE7061DAFE7ACF108029200B0E70323D7
:10C6200000E00023AB4033430232444D45F8223052
:10C630004B6813F4801F61D0424A936843EA0E03AB
:10C6400093604B6813F4001F5ED03E4AD36843EA00
:10C650000E03D3604B6813F4003F5BD0394A536834
:10C6600043EA0E0353604B6813F4803F58D0354AB9
:10C67000136843EA0E0313600CF1010C0A6832FAE6
:10C680000CF353D0012303FA0CF302EA030E33EA4E
:10C690000202F1D14A68122A3FF649AF122A3FF648
:10C6A00066AF01A555F822F057C50008EFC5000890
:10C6B000F9C500080BC600086FC500086FC5000863
:10C6C0006FC500086FC500086FC500086FC500087A
:10C6D0006FC500086FC500086FC500086FC500086A
:10C6E0006FC500086FC500086FC50008F3C50008D6
:10C6F000FFC50008012395E7022393E7114A9368D9
:10C7000023EA0E0393609CE70E4AD36823EA0E03E4
:10C71000D3609FE70B4A536823EA0E035360A2E7F6
:10C72000084A136823EA0E031360A5E702B070BD40
:10C7300000002210000031100010024000000140F3
:10C7400000080140000401408368194201D0012023
:10C750007047002070470AB1016170470904016108
:10C760007047C36801EA030221EA030141EA02417A
:10C7700001617047074AD36823F4E0631B041B0C74
:10C78000000200F4E060034343F0BF6343F400336E
:10C79000D360704700ED00E000B5194BDB68C3F3D0
:10C7A0000223C3F1070CBCF1040F28BF4FF0040CA7
:10C7B00003F1040EBEF1060F18D9033B4FF0FF3E04
:10C7C0000EFA0CFC21EA0C0199400EFA03F322EA5E
:10C7D0000303194300280BDB0901C9B200F16040D3
:10C7E00000F5614080F800135DF804FB0023E5E7E5
:10C7F00000F00F000901C9B2024B1954F4E700BF61
:10C8000000ED00E014ED00E00138B0F1807F0BD2C4
:10C810004FF0E0235861054AF02182F823100020F0
:10C82000986107221A6170470120704700ED00E00F
:10C83000026802F10C0353E8003F23F490730C32BA
:10C8400042E800310029F3D1026802F1140353E8F1
:10C85000003F23F00103143242E800310029F3D1F4
:10C86000036B012B05D0202380F8423000230363A3
:10C870007047026802F10C0353E8003F23F01003F5
:10C880000C3242E800310029F3D1ECE710B5044640
:10C890000268136923F44053C1680B431361836832
:10C8A0000269134342691A430168CB6823F4B05309
:10C8B00023F00C031343CB600268536923F44073E5
:10C8C00081690B4353610268134B9A4220D0FFF7F2
:10C8D000A9FA024602EB820202EB820263689B0025
:10C8E000B2FBF3F20D48A0FB02314909642303FBBC
:10C8F00011231B013233A0FB03235B0903F0F00279
:10C9000002EB011203F00F03216813448B6010BD8A
:10C91000FFF798FA0246DDE7003801401F85EB512A
:10C920002DE9F04383B005460E4617469946DDF8DB
:10C9300028802C68246836EA04030CBF4FF0010CF1
:10C940004FF0000CBC4528D1B8F1FF3FF1D0FEF705
:10C950004BFFA0EB0900404523D8B8F1000F22D0CF
:10C960002B68DA6812F0040FE3D0802EE1D0402E5D
:10C97000DFD01A6812F0080FDBD0002401941A6887
:10C9800001925B680193019B2846FFF751FF082342
:10C990006B6485F84040012000E0002003B0BDE852
:10C9A000F0830320FAE70320F8E7704760B310B57F
:10C9B000044690F8413013B3242384F841302268B0
:10C9C000D36823F40053D3602046FFF75FFF22684B
:10C9D000136923F4904313612268536923F02A03F7
:10C9E00053612268D36843F40053D360002060642D
:10C9F000202384F8413084F84230606310BD80F811
:10CA00004030FFF7D2FFD7E7012070472DE9F04112
:10CA100082B01E4690F84130DBB2202B56D104463E
:10CA20000D469046002955D00AB901204FE0002359
:10CA30004364212380F84130FEF7D6FE0746A4F870
:10CA40002480A4F82680A368B3F5805F02D04FF05D
:10CA5000000814E023692BB34FF000080FE02023F7
:10CA600084F84130032032E038F8023B2268C3F3F7
:10CA700008035360E28C92B2013A92B2E284E38CF2
:10CA80009BB293B100963B46002280212046FFF7DF
:10CA900047FF0028E3D1002DE6D015F8012B2368CD
:10CAA0005A60E7E7A8460025E9E700963B460022E2
:10CAB00040212046FFF734FF18B9202384F8413085
:10CAC00005E0202384F84130032000E0022002B07A
:10CAD000BDE8F0810120FAE72DE9F04182B01E4661
:10CAE00090F84230DBB2202B59D104460D469046D7
:10CAF000002958D00AB9012052E0002343642222C1
:10CB000080F842200363FEF76FFE0746A4F82C80EE
:10CB1000A4F82E80A368B3F5805F02D04FF0000820
:10CB20001CE0236913B14FF0000817E0A846002568
:10CB300014E0202384F84230032031E023685B684E
:10CB4000C3F3080328F8023B03E023685B682B70FB
:10CB50000135E28D92B2013A92B2E285E38D9BB249
:10CB6000C3B100963B46002220212046FFF7D8FEA5
:10CB70000028DED1002DE1D0A368B3F5805FE4D0BA
:10CB800013B92369002BE0D023685B6803F07F03AF
:10CB90002B70DDE7202384F84230002000E00220E3
:10CBA00002B0BDE8F0810120FAE770470C480D495A
:10CBB0000D4A002302E0D458C4500433C4188C42F8
:10CBC000F9D30A4A0A4C002301E013600432A2425E
:10CBD000FBD3FFF7EAFFF5F7A9FCFDF717F970475C
:10CBE00000000020200A002070D20008200A002047
:10CBF000800C0020FEE70000024B13B10248F5F75D
:10CC000073BC70470000000001250008F8B500BFA4
:10CC1000F8BC08BC9E467047F8B500BFF8BC08BC1D
:04CC20009E46704775
:10CC28000100000000C20100020000008025000091
:10CC3800000000000000304300000000000030C386
:10CC4800100000202020202020202020202020202C
:10CC5800202020203030303030303030303030300C
:10CC680030303030000000000500000019000000DE
:10CC78007D00000000000000000000000000F03F00
:10CC8800000000000000244000000000000059409F
:10CC98000000000000408F40000000000088C340F2
:10CCA80000000000006AF8400000000080842E4167
:10CCB80000000000D01263410000000084D79741B3
:10CCC8000000000065CDCD41000000205FA00242B9
:10CCD800000000E876483742000000A2941A6D422E
:10CCE800000040E59C30A2420000901EC4BCD64221
:10CCF80000003426F56B0C430080E03779C34143CC
:10CD080000A0D8855734764300C84E676DC1AB4341
:10CD1800003D9160E458E143408CB5781DAF15445F
:10CD280050EFE2D6E41A4B4492D54D06CFF080443A
:10CD3800F64AE1C7022DB544B49DD9794378EA444F
:10CD4800BC89D897B2D29C3C33A7A8D523F64939D9
:10CD58003DA7F444FD0FA5329D978CCF08BA5B25FB
:10CD6800436FAC642806C80A0080E03779C34143A2
:10CD7800176E05B5B5B89346F5F93FE9034F384D39
:10CD8800321D30F94877825A3CBF737FDD4F1575E5
:10CD9800202020202020202020202020202020208B
:10CDA800303030303030303030303030303030307B
:10CDB800202020202020202020202020202020206B
:10CDC800303030303030303030303030303030305B
:10CDD8000020202020202020202028282828282043
:10CDE800202020202020202020202020202020203B
:10CDF80020881010101010101010101010101010A3
:10CE08001004040404040404040404101010101092
:10CE1800101041414141414101010101010101015C
:10CE280001010101010101010101010110101010AE
:10CE3800101042424242424202020202020202022E
:10CE48000202020202020202020202021010101082
:10CE580020000000000000000000000000000000AA
:10CE680000000000000000000000000000000000BA
:10CE780000000000000000000000000000000000AA
:10CE8800000000000000000000000000000000009A
:10CE9800000000000000000000000000000000008A
:10CEA800000000000000000000000000000000007A
:10CEB800000000000000000000000000000000006A
:10CEC800000000000000000000000000000000005A
:10CED800000000005B25735D202573000000000042
:10CEE8000000000054656D703A20252E31662043FD
:10CEF800202048756D69646974793A20252E316659
:10CF08002070706D20252E316620757620256420CE
:10CF1800706D322E3520256420706D3130202564E7
:10CF2800200D0A200000000070726F6772616D208A
:10CF380073746172740D0A0073647320696E697486
:10CF48000D0A000064687420696E69740D0A000097
:10CF58006D713720696E69740D0A00006775766116
:10CF680020696E69740D0A006275696C6420484511
:10CF78004C4C4F206661696C65640D0A0000000026
:10CF880073656E642068656C6C6F206F6B200D0A8A
:10CF980000000000776169742072657370200D0AC3
:10CFA8000000000072657370206F6B656C610D0A7C
:10CFB80000000000627265616B20706F696E7420FA
:10CFC8000D0A000048454C4C4F5F52455350206FA6
:10CFD8006B3A206465763D30782530345820736587
:10CFE800713D3078253034582061636B3D257520BC
:10CFF80067773D253032583A253032583A25303255
:10D00800583A253032583A253032583A2530325875
:10D018000D0A000073656E642064617461206F6B93
:10D02800656C610D0A00000072657370206461749C
:10D0380061206F6B656C610D0A000000444154412A
:10D048002074696D656F75742C2072657472792E01
:10D058002E2E0D0A0000000048454C4C4F207469E4
:10D068006D656F75742C2072657472792E2E2E0D75
:10D078000A00000063616C6962726174696F6E20F6
:10D0880025640D0A00000000303020303120303295
:10D0980020303320303420303520303620303720CF
:10D0A8003038203039203041203042203043203081
:10D0B800442030452030460A000000002530325810
:10D0C800200000006C6F726120696E6974207374AF
:10D0D8006172740D0A0000004C4F524100000000BC
:10D0E8006C6F726120696E697420646F6E650D0AD9
:10D0F8000000000002030405060708090A0B0C0DCE
:10D108000E0F1010010200000203040506070809AB
:10D118000A0B0C0D0E0F1010010200000000000099
:10D1280000000000010203040607080900000000CF
:10D1380001020304494E4600696E66004E414E00E6
:10D148006E616E00303132333435363738396162CA
:10D158006364656600000000303132333435363799
:10D16800383941424344454600000000286E756C3A
:10D178006C290000300000004E614E00496E66695F
:10D188006E6974790000000042616C6C6F632073F3
:10D198007563636565646564000000002E2E2F2E9C
:10D1A8002E2F2E2E2F2E2E2F2E2E2F2E2E2F2E2E92
:10D1B8002F2E2E2F6E65776C69622F6C6962632F34
:10D1C8007374646C69622F64746F612E630000006D
:10D1D8002E2E2F2E2E2F2E2E2F2E2E2F2E2E2F2E62
:10D1E8002E2F2E2E2F2E2E2F6E65776C69622F6CA8
:10D1F8006962632F7374646C69622F6D7072656302
:10D208002E6300002C2066756E6374696F6E3A2079
:10D2180000000000617373657274696F6E202225C7
:10D228007322206661696C65643A2066696C6520C2
:10D23800222573222C206C696E65202564257325B0
:10D24800730A000043000000504F53495800000083
:04D258002E000000A4
:08D25C00B44FFF7F0100000048
:08D26400F9CB00087901000874
:04D26C005101000864
:10D27000FF0000000000000010000020000000007F
:10D2800000000000FC02002064030020CC0300200A
:10D29000000000000000000000000000000000008E
:10D2A000000000000000000000000000000000007E
:10D2B000000000000000000000000000000000006E
:10D2C000000000000000000000000000000000005E
:10D2D000000000000000000000000000000000004E
:10D2E000000000000000000000000000000000003E
:10D2F000000000000000000000000000000000002E
:10D30000000000000000000000000000000000001D
:10D31000000000000000000000000000000000000D
:10D3200000000000000000000100000000000000FC
:10D330000E33CDAB34126DE6ECDE05000B000000C1
:10D3400000000000000000000000000000000000DD
:10D3500000000000000000000000000000000000CD
:10D3600000000000000000000000000000000000BD
:10D3700000000000000000000000000000000000AD
:10D38000000000000000000000000000000000009D
:10D39000000000000000000000000000000000008D
:10D3A000000000000000000000000000000000007D
:10D3B000000000000000000000000000000000006D
:10D3C000000000000000000000000000000000005D
:10D3D000000000000000000000000000000000004D
:10D3E000000000000000000000000000000000003D
:10D3F000000000000000000000000000000000002D
:10D40000000000000000000000000000000000001C
:10D41000000000000000000000000000000000000C
:10D4200000000000000000000000000000000000FC
:10D4300000000000000000000000000000000000EC
:10D4400000000000000000000000000000000000DC
:10D4500000000000000000000000000000000000CC
:10D4600000000000000000000000000000000000BC
:10D4700000000000000000000000000000000000AC
:10D48000000000000000000000000000000000009C
:10D49000000000000000000000000000000000008C
:10D4A000000000000000000000000000000000007C
:10D4B000000000000000000000000000000000006C
:10D4C000000000000000000000000000000000005C
:10D4D000000000000000000000000000000000004C
:10D4E000000000000000000000000000000000003C
:10D4F000000000000000000000000000000000002C
:10D50000000000000000000000000000000000001B
:10D51000000000000000000000000000000000000B
:10D5200000000000000000000000000000000000FB
:10D5300000000000000000000000000000000000EB
:10D5400000000000000000000000000000000000DB
:10D5500000000000000000000000000000000000CB
:10D5600000000000000000000000000000000000BB
:10D5700000000000000000000000000000000000AB
:10D58000000000000000000000000000000000009B
:10D59000000000000000000000000000000000008B
:10D5A000000000000000000000000000000000007B
:10D5B000000000000000000000000000000000006B
:10D5C000000000000000000000000000000000005B
:10D5D000000000000000000000000000000000004B
:10D5E000000000000000000000000000000000003B
:10D5F000000000000000000000000000000000002B
:10D60000000000000000000000000000000000001A
:10D61000000000000000000000000000000000000A
:10D6200000000000000000000000000000000000FA
:10D6300000000000000000000000000000000000EA
:10D6400000000000000000000000000000000000DA
:10D6500000000000000000000000000000000000CA
:10D6600000000000000000000000000000000000BA
:10D6700000000000000000000000000000000000AA
:10D68000000000000000000000000000000000009A
:10D69000000000000000000000000000000000008A
:10D6A000000000000000000000000000000000007A
:10D6B00038040020380400204004002040040020EA
:10D6C000480400204804002050040020500400209A
:10D6D000580400205804002060040020600400204A
:10D6E00068040020680400207004002070040020FA
:10D6F00078040020780400208004002080040020AA
:10D700008804002088040020900400209004002059
:10D710009804002098040020A0040020A004002009
:10D72000A8040020A8040020B0040020B0040020B9
:10D73000B8040020B8040020C0040020C004002069
:10D74000C8040020C8040020D0040020D004002019
:10D75000D8040020D8040020E0040020E0040020C9
:10D76000E8040020E8040020F0040020F004002079
:10D77000F8040020F8040020000500200005002027
:10D7800008050020080500201005002010050020D5
:10D790001805002018050020200500202005002085
:10D7A0002805002028050020300500203005002035
:10D7B00038050020380500204005002040050020E5
:10D7C0004805002048050020500500205005002095
:10D7D0005805002058050020600500206005002045
:10D7E00068050020680500207005002070050020F5
:10D7F00078050020780500208005002080050020A5
:10D800008805002088050020900500209005002054
:10D810009805002098050020A0050020A005002004
:10D82000A8050020A8050020B0050020B0050020B4
:10D83000B8050020B8050020C0050020C005002064
:10D84000C8050020C8050020D0050020D005002014
:10D85000D8050020D8050020E0050020E0050020C4
:10D86000E8050020E8050020F0050020F005002074
:10D87000F8050020F8050020000600200006002022
:10D8800008060020080600201006002010060020D0
:10D890001806002018060020200600202006002080
:10D8A0002806002028060020300600203006002030
:10D8B00038060020380600204006002040060020E0
:10D8C0004806002048060020500600205006002090
:10D8D0005806002058060020600600206006002040
:10D8E00068060020680600207006002070060020F0
:10D8F00078060020780600208006002080060020A0
:10D90000880600208806002090060020900600204F
:10D910009806002098060020A0060020A0060020FF
:10D92000A8060020A8060020B0060020B0060020AF
:10D93000B8060020B8060020C0060020C00600205F
:10D94000C8060020C8060020D0060020D00600200F
:10D95000D8060020D8060020E0060020E0060020BF
:10D96000E8060020E8060020F0060020F00600206F
:10D97000F8060020F806002000070020000700201D
:10D9800008070020080700201007002010070020CB
:10D99000180700201807002020070020200700207B
:10D9A000280700202807002030070020300700202B
:10D9B00038070020380700204007002040070020DB
:10D9C000480700204807002050070020500700208B
:10D9D000580700205807002060070020600700203B
:10D9E00068070020680700207007002070070020EB
:10D9F000780700207807002080070020800700209B
:10DA0000880700208807002090070020900700204A
:10DA10009807002098070020A0070020A0070020FA
:10DA2000A8070020A8070020B0070020B0070020AA
:10DA3000B8070020B8070020C0070020C00700205A
:10DA4000C8070020C8070020D0070020D00700200A
:10DA5000D8070020D8070020E0070020E0070020BA
:10DA6000E8070020E8070020F0070020F00700206A
:10DA7000F8070020F8070020000800200008002018
:10DA800008080020080800201008002010080020C6
:10DA90001808002018080020200800202008002076
:10DAA0002808002028080020300800203008002026
:10DAB000FFFFFFFF00000200430000000000000025
:10DAC0000000000000000000000000000000000056
:10DAD0000000000000000000430000000000000003
:10DAE0000000000000000000000000000000000036
:10DAF00000000000000000004300000000000000E3
:10DB00000000000000000000000000000000000015
:10DB100000000000000000004300000000000000C2
:10DB200000000000000000000000000000000000F5
:10DB300000000000000000004300000000000000A2
:10DB400000000000000000000000000000000000D5
:10DB50000000000000000000430000000000000082
:10DB600000000000000000000000000000000000B5
:10DB70000000000000000000430000000000000062
:10DB80000000000000000000000000000000000095
:10DB900000000000000000003D830008256F000821
:10DBA00000000000D8CD000858D2000898CF000827
:10DBB00098CF000898CF000898CF000898CF0008A9
:10DBC00098CF000898CF000898CF000898CF000899
:10DBD000FFFFFFFFFFFFFFFFFFFFFFFFFFFF000053
:10DBE00001004153434949000000000000000000CB
:10DBF0000000000000000000000000000000000025
:10DC000000004153434949000000000000000000AB
:10DC10000000000000000000000000000000000004
:10DC2000000000000000A040AAB4040000000000B2
:10DC300000000000000000FFFF02AB000000000039
:10DC40000000000000000000AAB40601000000006F
:10DC500000000000000000FFFF05AB000000000016
:10DC60000000000000000000AAB40601010000004E
:10DC700000000000000000FFFF06AB0000000000F5
:10DC800000000000000001001000000000127A00F7
:040000050800CBAD77
:00000001FF
